"Team","Opp","Player1","Player2","Salary","Proj","Value"
"CHC","@COL - Freeland ( L )","Frank Schwindel","Willson Contreras",9900,23.5,2.4
"CHC","@COL - Freeland ( L )","Frank Schwindel","Patrick Wisdom",10000,22.6,2.3
"CHC","@COL - Freeland ( L )","Frank Schwindel","Seiya Suzuki",9900,22.4,2.3
"CHC","@COL - Freeland ( L )","Clint Frazier","Frank Schwindel",7700,22.2,2.9
"CHC","@COL - Freeland ( L )","Frank Schwindel","Nick Madrigal",9500,21.8,2.3
"CHC","@COL - Freeland ( L )","Patrick Wisdom","Willson Contreras",9700,21.4,2.2
"CHC","@COL - Freeland ( L )","Frank Schwindel","Ian Happ",8700,21.4,2.5
"LAA","@TEX - Dunning ( R )","Jared Walsh","Mike Trout",10300,21.3,2.1
"CHC","@COL - Freeland ( L )","Seiya Suzuki","Willson Contreras",9600,21.2,2.2
"CHC","@COL - Freeland ( L )","Frank Schwindel","Nico Hoerner",8600,21,2.4
"CHC","@COL - Freeland ( L )","Clint Frazier","Willson Contreras",7400,21,2.8
"COL","CHC - Steele ( L )","C.J. Cron","Kris Bryant",8900,20.6,2.3
"CHC","@COL - Freeland ( L )","Nick Madrigal","Willson Contreras",9200,20.5,2.2
"CHC","@COL - Freeland ( L )","Patrick Wisdom","Seiya Suzuki",9700,20.4,2.1
"CHC","@COL - Freeland ( L )","Frank Schwindel","Michael Hermosillo",8300,20.3,2.4
"CHC","@COL - Freeland ( L )","Ian Happ","Willson Contreras",8400,20.1,2.4
"CHC","@COL - Freeland ( L )","Clint Frazier","Patrick Wisdom",7500,20.1,2.7
"COL","CHC - Steele ( L )","Connor Joe","Kris Bryant",7800,20.1,2.6
"COL","CHC - Steele ( L )","Kris Bryant","Ryan McMahon",8300,20,2.4
"CHC","@COL - Freeland ( L )","Clint Frazier","Seiya Suzuki",7400,19.9,2.7
"LAA","@TEX - Dunning ( R )","Jo Adell","Mike Trout",9900,19.9,2
"COL","CHC - Steele ( L )","C.J. Cron","Connor Joe",7900,19.8,2.5
"CHC","@COL - Freeland ( L )","Nico Hoerner","Willson Contreras",8300,19.8,2.4
"LAD","CIN - Cessa ( R )","Mookie Betts","Trea Turner",10900,19.7,1.8
"LAA","@TEX - Dunning ( R )","Matt Duffy","Mike Trout",9600,19.7,2.1
"LAA","@TEX - Dunning ( R )","Jared Walsh","Jo Adell",8800,19.7,2.2
"CHC","@COL - Freeland ( L )","Nick Madrigal","Patrick Wisdom",9300,19.7,2.1
"COL","CHC - Steele ( L )","C.J. Cron","Ryan McMahon",8400,19.6,2.3
"COL","CHC - Steele ( L )","Brendan Rodgers","Kris Bryant",8100,19.6,2.4
"LAA","@TEX - Dunning ( R )","Jared Walsh","Matt Duffy",8500,19.5,2.3
"CHC","@COL - Freeland ( L )","Nick Madrigal","Seiya Suzuki",9200,19.5,2.1
"COL","CHC - Steele ( L )","Brendan Rodgers","C.J. Cron",8200,19.3,2.4
"CHC","@COL - Freeland ( L )","Ian Happ","Patrick Wisdom",8500,19.3,2.3
"CHC","@COL - Freeland ( L )","Clint Frazier","Nick Madrigal",7000,19.3,2.8
"COL","CHC - Steele ( L )","Kris Bryant","Randal Grichuk",7600,19.2,2.5
"CHC","@COL - Freeland ( L )","Ian Happ","Seiya Suzuki",8400,19.1,2.3
"COL","CHC - Steele ( L )","Connor Joe","Ryan McMahon",7300,19.1,2.6
"COL","CHC - Steele ( L )","Charlie Blackmon","Kris Bryant",8300,19.1,2.3
"CHC","@COL - Freeland ( L )","Michael Hermosillo","Willson Contreras",8000,19.1,2.4
"DET","@KC - Greinke ( R )","Akil Baddoo","Austin Meadows",8500,19.1,2.2
"LAA","@TEX - Dunning ( R )","Brandon Marsh","Mike Trout",8900,19,2.1
"LAA","@TEX - Dunning ( R )","Anthony Rendon","Mike Trout",9800,19,1.9
"COL","CHC - Steele ( L )","C.J. Cron","Randal Grichuk",7700,19,2.5
"DET","@KC - Greinke ( R )","Austin Meadows","Robbie Grossman",9000,19,2.1
"CHC","@COL - Freeland ( L )","Nico Hoerner","Patrick Wisdom",8400,18.9,2.3
"COL","CHC - Steele ( L )","Elias Diaz","Kris Bryant",7800,18.9,2.4
"CHC","@COL - Freeland ( L )","Clint Frazier","Ian Happ",6200,18.9,3
"TOR","@NYY - Severino ( R )","George Springer","Teoscar Hernandez",9400,18.8,2
"LAA","@TEX - Dunning ( R )","Brandon Marsh","Jared Walsh",7800,18.8,2.4
"COL","CHC - Steele ( L )","C.J. Cron","Charlie Blackmon",8400,18.8,2.2
"DET","@KC - Greinke ( R )","Austin Meadows","Javier Baez",9400,18.8,2
"LAA","@TEX - Dunning ( R )","Anthony Rendon","Jared Walsh",8700,18.8,2.2
"COL","CHC - Steele ( L )","Brendan Rodgers","Connor Joe",7100,18.8,2.6
"CHC","@COL - Freeland ( L )","Nico Hoerner","Seiya Suzuki",8300,18.7,2.3
"LAD","CIN - Cessa ( R )","Freddie Freeman","Trea Turner",10600,18.6,1.8
"COL","CHC - Steele ( L )","Brendan Rodgers","Ryan McMahon",7600,18.6,2.5
"COL","CHC - Steele ( L )","C.J. Cron","Elias Diaz",7900,18.6,2.4
"TOR","@NYY - Severino ( R )","Teoscar Hernandez","Vladimir Guerrero Jr.",10300,18.6,1.8
"CHC","@COL - Freeland ( L )","Clint Frazier","Nico Hoerner",6100,18.5,3
"LAA","@TEX - Dunning ( R )","Mike Trout","Tyler Wade",8400,18.5,2.2
"DET","@KC - Greinke ( R )","Austin Meadows","Jeimer Candelario",9500,18.5,1.9
"KC","DET - Mize ( R )","Adalberto Mondesi","Salvador Perez",9000,18.5,2.1
"CHC","@COL - Freeland ( L )","Ian Happ","Nick Madrigal",8000,18.4,2.3
"TOR","@NYY - Severino ( R )","George Springer","Vladimir Guerrero Jr.",10900,18.4,1.7
"LAA","@TEX - Dunning ( R )","Max Stassi","Mike Trout",9500,18.4,1.9
"COL","CHC - Steele ( L )","Connor Joe","Randal Grichuk",6600,18.4,2.8
"TOR","@NYY - Severino ( R )","Bo Bichette","Teoscar Hernandez",9400,18.4,2
"KC","DET - Mize ( R )","Adalberto Mondesi","Whit Merrifield",8900,18.3,2.1
"LAA","@TEX - Dunning ( R )","Jared Walsh","Tyler Wade",7300,18.3,2.5
"COL","CHC - Steele ( L )","Randal Grichuk","Ryan McMahon",7100,18.3,2.6
"KC","DET - Mize ( R )","Salvador Perez","Whit Merrifield",9100,18.2,2
"LAD","CIN - Cessa ( R )","Chris Taylor","Trea Turner",9600,18.2,1.9
"CHC","@COL - Freeland ( L )","Michael Hermosillo","Patrick Wisdom",8100,18.2,2.3
"COL","CHC - Steele ( L )","Charlie Blackmon","Connor Joe",7300,18.2,2.5
"LAA","@TEX - Dunning ( R )","Jared Walsh","Max Stassi",8400,18.2,2.2
"TOR","@NYY - Severino ( R )","Bo Bichette","George Springer",10000,18.2,1.8
"LAA","@TEX - Dunning ( R )","Jo Adell","Matt Duffy",8100,18.1,2.2
"LAD","CIN - Cessa ( R )","Justin Turner","Trea Turner",9500,18.1,1.9
"DET","@KC - Greinke ( R )","Austin Meadows","Jonathan Schoop",9000,18.1,2
"COL","CHC - Steele ( L )","Charlie Blackmon","Ryan McMahon",7800,18.1,2.3
"CHC","@COL - Freeland ( L )","Nick Madrigal","Nico Hoerner",7900,18.1,2.3
"COL","CHC - Steele ( L )","Connor Joe","Elias Diaz",6800,18.1,2.7
"LAD","CIN - Cessa ( R )","Freddie Freeman","Mookie Betts",10300,18.1,1.8
"CHC","@COL - Freeland ( L )","Michael Hermosillo","Seiya Suzuki",8000,18,2.3
"DET","@KC - Greinke ( R )","Akil Baddoo","Robbie Grossman",8100,18,2.2
"LAD","CIN - Cessa ( R )","Max Muncy","Trea Turner",9900,18,1.8
"TOR","@NYY - Severino ( R )","Bo Bichette","Vladimir Guerrero Jr.",10900,17.9,1.6
"COL","CHC - Steele ( L )","Brendan Rodgers","Randal Grichuk",6900,17.9,2.6
"COL","CHC - Steele ( L )","Elias Diaz","Ryan McMahon",7300,17.9,2.5
"LAD","CIN - Cessa ( R )","Hanser Alberto","Trea Turner",7600,17.9,2.4
"LAD","CIN - Cessa ( R )","Trea Turner","Will Smith",9700,17.9,1.8
"DET","@KC - Greinke ( R )","Akil Baddoo","Javier Baez",8500,17.9,2.1
"CHC","@COL - Freeland ( L )","Clint Frazier","Michael Hermosillo",5800,17.8,3.1
"COL","CHC - Steele ( L )","Brendan Rodgers","Charlie Blackmon",7600,17.8,2.3
"KC","DET - Mize ( R )","Adalberto Mondesi","Andrew Benintendi",8200,17.8,2.2
"DET","@KC - Greinke ( R )","Javier Baez","Robbie Grossman",9000,17.7,2
"KC","DET - Mize ( R )","Andrew Benintendi","Salvador Perez",8400,17.7,2.1
"CHC","@COL - Freeland ( L )","Ian Happ","Nico Hoerner",7100,17.7,2.5
"LAD","CIN - Cessa ( R )","Chris Taylor","Mookie Betts",9300,17.7,1.9
"COL","CHC - Steele ( L )","Jose Iglesias","Kris Bryant",7600,17.6,2.3
"KC","DET - Mize ( R )","Adalberto Mondesi","Bobby Witt Jr.",6900,17.6,2.6
"COL","CHC - Steele ( L )","Brendan Rodgers","Elias Diaz",7100,17.6,2.5
"KC","DET - Mize ( R )","Bobby Witt Jr.","Salvador Perez",7100,17.6,2.5
"LAD","CIN - Cessa ( R )","Justin Turner","Mookie Betts",9200,17.6,1.9
"KC","DET - Mize ( R )","Andrew Benintendi","Whit Merrifield",8300,17.5,2.1
"DET","@KC - Greinke ( R )","Akil Baddoo","Jeimer Candelario",8600,17.5,2
"LAA","@TEX - Dunning ( R )","Brandon Marsh","Jo Adell",7400,17.4,2.4
"DET","@KC - Greinke ( R )","Jeimer Candelario","Robbie Grossman",9100,17.4,1.9
"LAA","@TEX - Dunning ( R )","Anthony Rendon","Jo Adell",8300,17.4,2.1
"KC","DET - Mize ( R )","Bobby Witt Jr.","Whit Merrifield",7000,17.4,2.5
"COL","CHC - Steele ( L )","Charlie Blackmon","Randal Grichuk",7100,17.4,2.4
"LAD","CIN - Cessa ( R )","Max Muncy","Mookie Betts",9600,17.4,1.8
"NYY","TOR - Gausman ( R )","Aaron Judge","Josh Donaldson",10200,17.4,1.7
"CHC","@COL - Freeland ( L )","Michael Hermosillo","Nick Madrigal",7600,17.4,2.3
"COL","CHC - Steele ( L )","C.J. Cron","Jose Iglesias",7700,17.3,2.2
"LAD","CIN - Cessa ( R )","Hanser Alberto","Mookie Betts",7300,17.3,2.4
"ATL","@SD - Musgrove ( R )","Austin Riley","Matt Olson",9100,17.3,1.9
"LAD","CIN - Cessa ( R )","Mookie Betts","Will Smith",9400,17.3,1.8
"LAA","@TEX - Dunning ( R )","Brandon Marsh","Matt Duffy",7100,17.3,2.4
"DET","@KC - Greinke ( R )","Javier Baez","Jeimer Candelario",9500,17.2,1.8
"NYY","TOR - Gausman ( R )","Aaron Judge","Anthony Rizzo",10000,17.2,1.7
"COL","CHC - Steele ( L )","Elias Diaz","Randal Grichuk",6600,17.2,2.6
"LAA","@TEX - Dunning ( R )","Anthony Rendon","Matt Duffy",8000,17.2,2.2
"TEX","LAA - Ohtani ( R )","Brad Miller","Corey Seager",9000,17.2,1.9
"DET","@KC - Greinke ( R )","Akil Baddoo","Jonathan Schoop",8100,17.2,2.1
"DET","@KC - Greinke ( R )","Austin Meadows","Miguel Cabrera",8700,17.1,2
"DET","@KC - Greinke ( R )","Austin Meadows","Spencer Torkelson",7800,17.1,2.2
"NYY","TOR - Gausman ( R )","Aaron Judge","Giancarlo Stanton",10100,17.1,1.7
"ATL","@SD - Musgrove ( R )","Eddie Rosario","Matt Olson",8700,17.1,2
"COL","CHC - Steele ( L )","Charlie Blackmon","Elias Diaz",7300,17.1,2.3
"DET","@KC - Greinke ( R )","Jonathan Schoop","Robbie Grossman",8600,17.1,2
"CHC","@COL - Freeland ( L )","Ian Happ","Michael Hermosillo",6800,17,2.5
"LAA","@TEX - Dunning ( R )","Jo Adell","Tyler Wade",6900,16.9,2.4
"TOR","@NYY - Severino ( R )","Matt Chapman","Teoscar Hernandez",8100,16.9,2.1
"DET","@KC - Greinke ( R )","Javier Baez","Jonathan Schoop",9000,16.9,1.9
"KC","DET - Mize ( R )","Andrew Benintendi","Bobby Witt Jr.",6300,16.9,2.7
"LAD","CIN - Cessa ( R )","Cody Bellinger","Trea Turner",8300,16.9,2
"ATL","@SD - Musgrove ( R )","Austin Riley","Eddie Rosario",8400,16.8,2
"LAA","@TEX - Dunning ( R )","Jo Adell","Max Stassi",8000,16.8,2.1
"COL","CHC - Steele ( L )","Connor Joe","Jose Iglesias",6600,16.8,2.5
"DET","@KC - Greinke ( R )","Austin Meadows","Tucker Barnhart",7800,16.8,2.1
"TOR","@NYY - Severino ( R )","George Springer","Matt Chapman",8700,16.7,1.9
"TOR","@NYY - Severino ( R )","Lourdes Gurriel","Teoscar Hernandez",8500,16.7,2
"LAA","@TEX - Dunning ( R )","Matt Duffy","Tyler Wade",6600,16.7,2.5
"TEX","LAA - Ohtani ( R )","Corey Seager","Marcus Semien",10400,16.7,1.6
"ATL","@SD - Musgrove ( R )","Adam Duvall","Matt Olson",8500,16.7,2
"KC","DET - Mize ( R )","Adalberto Mondesi","Hunter Dozier",7000,16.6,2.4
"LAA","@TEX - Dunning ( R )","Matt Duffy","Max Stassi",7700,16.6,2.2
"COL","CHC - Steele ( L )","Jose Iglesias","Ryan McMahon",7100,16.6,2.3
"CHC","@COL - Freeland ( L )","Michael Hermosillo","Nico Hoerner",6700,16.6,2.5
"KC","DET - Mize ( R )","Hunter Dozier","Salvador Perez",7200,16.6,2.3
"DET","@KC - Greinke ( R )","Jeimer Candelario","Jonathan Schoop",9100,16.6,1.8
"LAD","CIN - Cessa ( R )","Chris Taylor","Freddie Freeman",9000,16.6,1.8
"TOR","@NYY - Severino ( R )","George Springer","Lourdes Gurriel",9100,16.6,1.8
"NYY","TOR - Gausman ( R )","Anthony Rizzo","Josh Donaldson",9800,16.5,1.7
"TEX","LAA - Ohtani ( R )","Brad Miller","Marcus Semien",8600,16.5,1.9
"TOR","@NYY - Severino ( R )","Alejandro Kirk","Teoscar Hernandez",7600,16.5,2.2
"LAA","@TEX - Dunning ( R )","Anthony Rendon","Brandon Marsh",7300,16.5,2.3
"TOR","@NYY - Severino ( R )","Matt Chapman","Vladimir Guerrero Jr.",9600,16.5,1.7
"LAD","CIN - Cessa ( R )","Freddie Freeman","Justin Turner",8900,16.4,1.8
"KC","DET - Mize ( R )","Hunter Dozier","Whit Merrifield",7100,16.4,2.3
"ATL","@SD - Musgrove ( R )","Adam Duvall","Austin Riley",8200,16.4,2
"NYY","TOR - Gausman ( R )","Aaron Judge","Joey Gallo",9300,16.4,1.8
"NYY","TOR - Gausman ( R )","Giancarlo Stanton","Josh Donaldson",9900,16.4,1.7
"TOR","@NYY - Severino ( R )","Alejandro Kirk","George Springer",8200,16.4,2
"ATL","@SD - Musgrove ( R )","Matt Olson","Ozzie Albies",9200,16.3,1.8
"COL","CHC - Steele ( L )","Brendan Rodgers","Jose Iglesias",6900,16.3,2.4
"TOR","@NYY - Severino ( R )","Lourdes Gurriel","Vladimir Guerrero Jr.",10000,16.3,1.6
"LAD","CIN - Cessa ( R )","Freddie Freeman","Max Muncy",9300,16.3,1.8
"LAD","CIN - Cessa ( R )","Cody Bellinger","Mookie Betts",8000,16.3,2
"TOR","@NYY - Severino ( R )","Bo Bichette","Matt Chapman",8700,16.3,1.9
"TEX","LAA - Ohtani ( R )","Corey Seager","Nate Lowe",9800,16.3,1.7
"NYY","TOR - Gausman ( R )","Anthony Rizzo","Giancarlo Stanton",9700,16.2,1.7
"TOR","@NYY - Severino ( R )","Santiago Espinal","Teoscar Hernandez",6700,16.2,2.4
"LAD","CIN - Cessa ( R )","Freddie Freeman","Hanser Alberto",7000,16.2,2.3
"TEX","LAA - Ohtani ( R )","Adolis Garcia","Corey Seager",10000,16.2,1.6
"DET","@KC - Greinke ( R )","Akil Baddoo","Miguel Cabrera",7800,16.2,2.1
"ATL","@SD - Musgrove ( R )","Adam Duvall","Eddie Rosario",7800,16.2,2.1
"LAD","CIN - Cessa ( R )","Freddie Freeman","Will Smith",9100,16.2,1.8
"DET","@KC - Greinke ( R )","Akil Baddoo","Spencer Torkelson",6900,16.1,2.3
"TOR","@NYY - Severino ( R )","Raimel Tapia","Teoscar Hernandez",7600,16.1,2.1
"TEX","LAA - Ohtani ( R )","Brad Miller","Nate Lowe",8000,16.1,2
"TOR","@NYY - Severino ( R )","Alejandro Kirk","Vladimir Guerrero Jr.",9100,16.1,1.8
"TOR","@NYY - Severino ( R )","Bo Bichette","Lourdes Gurriel",9100,16.1,1.8
"DET","@KC - Greinke ( R )","Miguel Cabrera","Robbie Grossman",8300,16.1,1.9
"TOR","@NYY - Severino ( R )","George Springer","Santiago Espinal",7300,16.1,2.2
"ATL","@SD - Musgrove ( R )","Austin Riley","Ozzie Albies",8900,16.1,1.8
"TEX","LAA - Ohtani ( R )","Adolis Garcia","Brad Miller",8200,16.1,2
"TEX","LAA - Ohtani ( R )","Corey Seager","Mitch Garver",9700,16.1,1.7
"LAD","CIN - Cessa ( R )","Chris Taylor","Justin Turner",7900,16,2
"KC","DET - Mize ( R )","Adalberto Mondesi","Carlos Santana",7400,16,2.2
"DET","@KC - Greinke ( R )","Robbie Grossman","Spencer Torkelson",7400,16,2.2
"KC","DET - Mize ( R )","Adalberto Mondesi","Nicky Lopez",8000,16,2
"NYY","TOR - Gausman ( R )","Aaron Judge","DJ LeMahieu",10300,16,1.6
"KC","DET - Mize ( R )","Carlos Santana","Salvador Perez",7600,16,2.1
"LAA","@TEX - Dunning ( R )","Brandon Marsh","Tyler Wade",5900,16,2.7
"KC","DET - Mize ( R )","Nicky Lopez","Salvador Perez",8200,16,2
"TOR","@NYY - Severino ( R )","George Springer","Raimel Tapia",8200,16,2
"LAA","@TEX - Dunning ( R )","Anthony Rendon","Tyler Wade",6800,16,2.3
"LAA","@TEX - Dunning ( R )","Brandon Marsh","Max Stassi",7000,15.9,2.3
"COL","CHC - Steele ( L )","Jose Iglesias","Randal Grichuk",6400,15.9,2.5
"TEX","LAA - Ohtani ( R )","Brad Miller","Mitch Garver",7900,15.9,2
"KC","DET - Mize ( R )","Andrew Benintendi","Hunter Dozier",6400,15.9,2.5
"DET","@KC - Greinke ( R )","Javier Baez","Miguel Cabrera",8700,15.9,1.8
"LAA","@TEX - Dunning ( R )","Anthony Rendon","Max Stassi",7900,15.9,2
"LAD","CIN - Cessa ( R )","Chris Taylor","Max Muncy",8300,15.9,1.9
"TOR","@NYY - Severino ( R )","Alejandro Kirk","Bo Bichette",8200,15.9,1.9
"DET","@KC - Greinke ( R )","Javier Baez","Spencer Torkelson",7800,15.9,2
"DET","@KC - Greinke ( R )","Akil Baddoo","Tucker Barnhart",6900,15.8,2.3
"KC","DET - Mize ( R )","Carlos Santana","Whit Merrifield",7500,15.8,2.1
"ATL","@SD - Musgrove ( R )","Eddie Rosario","Ozzie Albies",8500,15.8,1.9
"LAD","CIN - Cessa ( R )","Chris Taylor","Hanser Alberto",6000,15.8,2.6
"KC","DET - Mize ( R )","Nicky Lopez","Whit Merrifield",8100,15.8,2
"TOR","@NYY - Severino ( R )","Santiago Espinal","Vladimir Guerrero Jr.",8200,15.8,1.9
"CHC","@COL - Freeland ( L )","Frank Schwindel","Yan Gomes",8000,15.8,2
"KC","DET - Mize ( R )","Adalberto Mondesi","Michael A. Taylor",6800,15.8,2.3
"LAD","CIN - Cessa ( R )","Justin Turner","Max Muncy",8200,15.8,1.9
"LAD","CIN - Cessa ( R )","Chris Taylor","Will Smith",8100,15.8,1.9
"KC","DET - Mize ( R )","Michael A. Taylor","Salvador Perez",7000,15.8,2.3
"COL","CHC - Steele ( L )","Charlie Blackmon","Jose Iglesias",7100,15.8,2.2
"KC","DET - Mize ( R )","Bobby Witt Jr.","Hunter Dozier",5100,15.8,3.1
"LAA","@TEX - Dunning ( R )","Jose Rojas","Mike Trout",8500,15.7,1.9
"TOR","@NYY - Severino ( R )","Raimel Tapia","Vladimir Guerrero Jr.",9100,15.7,1.7
"CHC","@COL - Freeland ( L )","Frank Schwindel","Jonathan Villar",8900,15.7,1.8
"DET","@KC - Greinke ( R )","Robbie Grossman","Tucker Barnhart",7400,15.7,2.1
"LAD","CIN - Cessa ( R )","Hanser Alberto","Justin Turner",5900,15.7,2.7
"NYY","TOR - Gausman ( R )","Joey Gallo","Josh Donaldson",9100,15.7,1.7
"LAD","CIN - Cessa ( R )","Justin Turner","Will Smith",8000,15.7,2
"ATL","@SD - Musgrove ( R )","Marcell Ozuna","Matt Olson",8700,15.6,1.8
"COL","CHC - Steele ( L )","Elias Diaz","Jose Iglesias",6600,15.6,2.4
"TEX","LAA - Ohtani ( R )","Marcus Semien","Nate Lowe",9400,15.6,1.7
"SD","ATL - Morton ( R )","Jake Cronenworth","Manny Machado",8800,15.6,1.8
"TOR","@NYY - Severino ( R )","Bo Bichette","Santiago Espinal",7300,15.6,2.1
"KC","DET - Mize ( R )","Michael A. Taylor","Whit Merrifield",6900,15.6,2.3
"DET","@KC - Greinke ( R )","Jeimer Candelario","Miguel Cabrera",8800,15.6,1.8
"TOR","@NYY - Severino ( R )","Teoscar Hernandez","Zack Collins",6800,15.6,2.3
"TEX","LAA - Ohtani ( R )","Corey Seager","Kole Calhoun",8800,15.6,1.8
"NYY","TOR - Gausman ( R )","Anthony Rizzo","Joey Gallo",8900,15.6,1.7
"LAD","CIN - Cessa ( R )","Hanser Alberto","Max Muncy",6300,15.6,2.5
"TEX","LAA - Ohtani ( R )","Adolis Garcia","Marcus Semien",9600,15.6,1.6
"DET","@KC - Greinke ( R )","Javier Baez","Tucker Barnhart",7800,15.5,2
"DET","@KC - Greinke ( R )","Jeimer Candelario","Spencer Torkelson",7900,15.5,2
"LAA","@TEX - Dunning ( R )","Jared Walsh","Jose Rojas",7400,15.5,2.1
"TOR","@NYY - Severino ( R )","Bo Bichette","Raimel Tapia",8200,15.5,1.9
"LAD","CIN - Cessa ( R )","Max Muncy","Will Smith",8400,15.5,1.8
"NYY","TOR - Gausman ( R )","Aaron Hicks","Aaron Judge",8100,15.5,1.9
"NYY","TOR - Gausman ( R )","Aaron Judge","Kyle Higashioka",8300,15.4,1.9
"LAD","CIN - Cessa ( R )","Hanser Alberto","Will Smith",6100,15.4,2.5
"TEX","LAA - Ohtani ( R )","Brad Miller","Kole Calhoun",7000,15.4,2.2
"TOR","@NYY - Severino ( R )","George Springer","Zack Collins",7400,15.4,2.1
"ATL","@SD - Musgrove ( R )","Adam Duvall","Ozzie Albies",8300,15.4,1.9
"TEX","LAA - Ohtani ( R )","Marcus Semien","Mitch Garver",9300,15.4,1.7
"NYY","TOR - Gausman ( R )","Giancarlo Stanton","Joey Gallo",9000,15.4,1.7
"SD","ATL - Morton ( R )","Manny Machado","Trent Grisham",8600,15.4,1.8
"LAA","@TEX - Dunning ( R )","Max Stassi","Tyler Wade",6500,15.4,2.4
"ATL","@SD - Musgrove ( R )","Austin Riley","Marcell Ozuna",8400,15.4,1.8
"ATL","@SD - Musgrove ( R )","Alex Dickerson","Matt Olson",7800,15.4,2
"NYY","TOR - Gausman ( R )","DJ LeMahieu","Josh Donaldson",10100,15.3,1.5
"KC","DET - Mize ( R )","Andrew Benintendi","Carlos Santana",6800,15.3,2.3
"KC","DET - Mize ( R )","Andrew Benintendi","Nicky Lopez",7400,15.3,2.1
"ATL","@SD - Musgrove ( R )","Dansby Swanson","Matt Olson",8600,15.3,1.8
"DET","@KC - Greinke ( R )","Jeimer Candelario","Tucker Barnhart",7900,15.2,1.9
"DET","@KC - Greinke ( R )","Jonathan Schoop","Miguel Cabrera",8300,15.2,1.8
"DET","@KC - Greinke ( R )","Jonathan Schoop","Spencer Torkelson",7400,15.2,2.1
"LAD","CIN - Cessa ( R )","Cody Bellinger","Freddie Freeman",7700,15.2,2
"NYY","TOR - Gausman ( R )","Anthony Rizzo","DJ LeMahieu",9900,15.2,1.5
"TOR","@NYY - Severino ( R )","Vladimir Guerrero Jr.","Zack Collins",8300,15.2,1.8
"KC","DET - Mize ( R )","Bobby Witt Jr.","Carlos Santana",5500,15.2,2.8
"ATL","@SD - Musgrove ( R )","Eddie Rosario","Marcell Ozuna",8000,15.2,1.9
"KC","DET - Mize ( R )","Bobby Witt Jr.","Nicky Lopez",6100,15.1,2.5
"TEX","LAA - Ohtani ( R )","Adolis Garcia","Nate Lowe",9000,15.1,1.7
"ATL","@SD - Musgrove ( R )","Alex Dickerson","Austin Riley",7500,15.1,2
"ATL","@SD - Musgrove ( R )","Matt Olson","Travis d'Arnaud",8200,15.1,1.8
"CHC","@COL - Freeland ( L )","Alfonso Rivas","Frank Schwindel",7400,15.1,2
"SD","ATL - Morton ( R )","Eric Hosmer","Manny Machado",7900,15.1,1.9
"CHC","@COL - Freeland ( L )","Frank Schwindel","Rafael Ortega",9300,15.1,1.6
"KC","DET - Mize ( R )","Andrew Benintendi","Michael A. Taylor",6200,15.1,2.4
"SD","ATL - Morton ( R )","Luke Voit","Manny Machado",8200,15,1.8
"NYY","TOR - Gausman ( R )","DJ LeMahieu","Giancarlo Stanton",10000,15,1.5
"ATL","@SD - Musgrove ( R )","Austin Riley","Dansby Swanson",8300,15,1.8
"CIN","@LAD - Buehler ( R )","Joey Votto","Jonathan India",8600,15,1.7
"TEX","LAA - Ohtani ( R )","Mitch Garver","Nate Lowe",8700,15,1.7
"LAA","@TEX - Dunning ( R )","Andrew Velazquez","Mike Trout",7800,15,1.9
"TEX","LAA - Ohtani ( R )","Adolis Garcia","Mitch Garver",8900,14.9,1.7
"TOR","@NYY - Severino ( R )","Bo Bichette","Zack Collins",7400,14.9,2
"TEX","LAA - Ohtani ( R )","Andy Ibanez","Corey Seager",8900,14.9,1.7
"KC","DET - Mize ( R )","Bobby Witt Jr.","Michael A. Taylor",4900,14.9,3
"TEX","LAA - Ohtani ( R )","Kole Calhoun","Marcus Semien",8400,14.9,1.8
"ATL","@SD - Musgrove ( R )","Alex Dickerson","Eddie Rosario",7100,14.9,2.1
"DET","@KC - Greinke ( R )","Jonathan Schoop","Tucker Barnhart",7400,14.9,2
"CHC","@COL - Freeland ( L )","Frank Schwindel","Jason Heyward",8800,14.9,1.7
"ATL","@SD - Musgrove ( R )","Austin Riley","Travis d'Arnaud",7900,14.9,1.9
"CIN","@LAD - Buehler ( R )","Joey Votto","Tyler Naquin",7700,14.8,1.9
"LAD","CIN - Cessa ( R )","Chris Taylor","Cody Bellinger",6700,14.8,2.2
"ATL","@SD - Musgrove ( R )","Dansby Swanson","Eddie Rosario",7900,14.8,1.9
"NYY","TOR - Gausman ( R )","Aaron Hicks","Josh Donaldson",7900,14.8,1.9
"TEX","LAA - Ohtani ( R )","Andy Ibanez","Brad Miller",7100,14.8,2.1
"LAA","@TEX - Dunning ( R )","Andrew Velazquez","Jared Walsh",6700,14.8,2.2
"NYY","TOR - Gausman ( R )","Josh Donaldson","Kyle Higashioka",8100,14.8,1.8
"ATL","@SD - Musgrove ( R )","Adam Duvall","Marcell Ozuna",7800,14.7,1.9
"CIN","@LAD - Buehler ( R )","Jonathan India","Tyler Naquin",7500,14.7,2
"LAD","CIN - Cessa ( R )","Cody Bellinger","Justin Turner",6600,14.7,2.2
"CIN","@LAD - Buehler ( R )","Joey Votto","Tommy Pham",7400,14.7,2
"SD","ATL - Morton ( R )","Jake Cronenworth","Trent Grisham",8000,14.6,1.8
"NYY","TOR - Gausman ( R )","Aaron Hicks","Anthony Rizzo",7700,14.6,1.9
"TOR","@NYY - Severino ( R )","Lourdes Gurriel","Matt Chapman",7800,14.6,1.9
"ATL","@SD - Musgrove ( R )","Eddie Rosario","Travis d'Arnaud",7500,14.6,1.9
"NYY","TOR - Gausman ( R )","Anthony Rizzo","Kyle Higashioka",7900,14.6,1.8
"CIN","@LAD - Buehler ( R )","Jonathan India","Tommy Pham",7200,14.6,2
"CHC","@COL - Freeland ( L )","Willson Contreras","Yan Gomes",7700,14.6,1.9
"LAD","CIN - Cessa ( R )","Cody Bellinger","Max Muncy",7000,14.5,2.1
"CHC","@COL - Freeland ( L )","Jonathan Villar","Willson Contreras",8600,14.5,1.7
"TEX","LAA - Ohtani ( R )","Kole Calhoun","Nate Lowe",7800,14.5,1.9
"NYY","TOR - Gausman ( R )","Aaron Hicks","Giancarlo Stanton",7800,14.5,1.9
"ATL","@SD - Musgrove ( R )","Adam Duvall","Alex Dickerson",6900,14.5,2.1
"NYY","TOR - Gausman ( R )","Aaron Judge","Isiah Kiner-Falefa",8900,14.5,1.6
"NYY","TOR - Gausman ( R )","Giancarlo Stanton","Kyle Higashioka",8000,14.4,1.8
"SD","ATL - Morton ( R )","Jurickson Profar","Manny Machado",7400,14.4,2
"LAD","CIN - Cessa ( R )","Cody Bellinger","Hanser Alberto",4700,14.4,3.1
"TEX","LAA - Ohtani ( R )","Adolis Garcia","Kole Calhoun",8000,14.4,1.8
"TOR","@NYY - Severino ( R )","Alejandro Kirk","Matt Chapman",6900,14.4,2.1
"LAD","CIN - Cessa ( R )","Gavin Lux","Trea Turner",8500,14.4,1.7
"LAD","CIN - Cessa ( R )","Cody Bellinger","Will Smith",6800,14.4,2.1
"SD","ATL - Morton ( R )","Manny Machado","Wil Myers",7900,14.4,1.8
"CIN","@LAD - Buehler ( R )","Tommy Pham","Tyler Naquin",6300,14.4,2.3
"ATL","@SD - Musgrove ( R )","Marcell Ozuna","Ozzie Albies",8500,14.4,1.7
"ATL","@SD - Musgrove ( R )","Adam Duvall","Dansby Swanson",7700,14.4,1.9
"NYY","TOR - Gausman ( R )","DJ LeMahieu","Joey Gallo",9200,14.3,1.6
"SD","ATL - Morton ( R )","Eric Hosmer","Jake Cronenworth",7300,14.3,2
"TEX","LAA - Ohtani ( R )","Kole Calhoun","Mitch Garver",7700,14.3,1.9
"SD","ATL - Morton ( R )","Jake Cronenworth","Luke Voit",7600,14.3,1.9
"TEX","LAA - Ohtani ( R )","Andy Ibanez","Marcus Semien",8500,14.3,1.7
"CIN","@LAD - Buehler ( R )","Jake Fraley","Joey Votto",7000,14.2,2
"TOR","@NYY - Severino ( R )","Alejandro Kirk","Lourdes Gurriel",7300,14.2,2
"SD","ATL - Morton ( R )","Austin Nola","Manny Machado",8300,14.2,1.7
"ATL","@SD - Musgrove ( R )","Adam Duvall","Travis d'Arnaud",7300,14.2,1.9
"TEX","LAA - Ohtani ( R )","Corey Seager","Willie Calhoun",9000,14.2,1.6
"DET","@KC - Greinke ( R )","Miguel Cabrera","Spencer Torkelson",7100,14.2,2
"KC","DET - Mize ( R )","Carlos Santana","Hunter Dozier",5600,14.2,2.5
"KC","DET - Mize ( R )","Hunter Dozier","Nicky Lopez",6200,14.2,2.3
"CIN","@LAD - Buehler ( R )","Jake Fraley","Jonathan India",6800,14.2,2.1
"CIN","@LAD - Buehler ( R )","Joey Votto","Tyler Stephenson",7200,14.2,2
"LAA","@TEX - Dunning ( R )","Jo Adell","Jose Rojas",7000,14.2,2
"TOR","@NYY - Severino ( R )","Matt Chapman","Santiago Espinal",6000,14.1,2.4
"ATL","@SD - Musgrove ( R )","Alex Dickerson","Ozzie Albies",7600,14.1,1.9
"SD","ATL - Morton ( R )","Eric Hosmer","Trent Grisham",7100,14.1,2
"SD","ATL - Morton ( R )","Luke Voit","Trent Grisham",7400,14.1,1.9
"CIN","@LAD - Buehler ( R )","Jonathan India","Tyler Stephenson",7000,14.1,2
"TEX","LAA - Ohtani ( R )","Brad Miller","Willie Calhoun",7200,14.1,2
"TOR","@NYY - Severino ( R )","Matt Chapman","Raimel Tapia",6900,14.1,2
"ATL","@SD - Musgrove ( R )","Dansby Swanson","Ozzie Albies",8400,14,1.7
"SD","ATL - Morton ( R )","C.J. Abrams","Manny Machado",7200,14,1.9
"CIN","@LAD - Buehler ( R )","Jake Fraley","Tyler Naquin",5900,14,2.4
"LAA","@TEX - Dunning ( R )","Jose Rojas","Matt Duffy",6700,14,2.1
"TOR","@NYY - Severino ( R )","Lourdes Gurriel","Santiago Espinal",6400,13.9,2.2
"KC","DET - Mize ( R )","Hunter Dozier","Michael A. Taylor",5000,13.9,2.8
"DET","@KC - Greinke ( R )","Miguel Cabrera","Tucker Barnhart",7100,13.9,2
"CIN","@LAD - Buehler ( R )","Tyler Naquin","Tyler Stephenson",6100,13.9,2.3
"TOR","@NYY - Severino ( R )","Lourdes Gurriel","Raimel Tapia",7300,13.9,1.9
"CHC","@COL - Freeland ( L )","Alfonso Rivas","Willson Contreras",7100,13.9,2
"ATL","@SD - Musgrove ( R )","Ozzie Albies","Travis d'Arnaud",8000,13.9,1.7
"DET","@KC - Greinke ( R )","Spencer Torkelson","Tucker Barnhart",6200,13.8,2.2
"CHC","@COL - Freeland ( L )","Rafael Ortega","Willson Contreras",9000,13.8,1.5
"TEX","LAA - Ohtani ( R )","Andy Ibanez","Nate Lowe",7900,13.8,1.8
"LAD","CIN - Cessa ( R )","Gavin Lux","Mookie Betts",8200,13.8,1.7
"CIN","@LAD - Buehler ( R )","Jake Fraley","Tommy Pham",5600,13.8,2.5
"NYY","TOR - Gausman ( R )","Aaron Hicks","Joey Gallo",7000,13.8,2
"TEX","LAA - Ohtani ( R )","Adolis Garcia","Andy Ibanez",8100,13.8,1.7
"NYY","TOR - Gausman ( R )","Isiah Kiner-Falefa","Josh Donaldson",8700,13.8,1.6
"NYY","TOR - Gausman ( R )","Joey Gallo","Kyle Higashioka",7200,13.8,1.9
"TOR","@NYY - Severino ( R )","Alejandro Kirk","Santiago Espinal",5500,13.8,2.5
"SD","ATL - Morton ( R )","Eric Hosmer","Luke Voit",6700,13.8,2.1
"CIN","@LAD - Buehler ( R )","Tommy Pham","Tyler Stephenson",5800,13.7,2.4
"CHC","@COL - Freeland ( L )","Patrick Wisdom","Yan Gomes",7800,13.7,1.8
"SD","ATL - Morton ( R )","Jake Cronenworth","Jurickson Profar",6800,13.7,2
"TOR","@NYY - Severino ( R )","Alejandro Kirk","Raimel Tapia",6400,13.7,2.1
"CHC","@COL - Freeland ( L )","Jonathan Villar","Patrick Wisdom",8700,13.7,1.6
"CIN","@LAD - Buehler ( R )","Joey Votto","Nick Senzel",6900,13.7,2
"TEX","LAA - Ohtani ( R )","Andy Ibanez","Mitch Garver",7800,13.7,1.8
"CHC","@COL - Freeland ( L )","Jason Heyward","Willson Contreras",8500,13.6,1.6
"SD","ATL - Morton ( R )","Jake Cronenworth","Wil Myers",7300,13.6,1.9
"NYY","TOR - Gausman ( R )","Anthony Rizzo","Isiah Kiner-Falefa",8500,13.6,1.6
"KC","DET - Mize ( R )","Carlos Santana","Nicky Lopez",6600,13.6,2.1
"CIN","@LAD - Buehler ( R )","Jonathan India","Nick Senzel",6700,13.6,2
"TEX","LAA - Ohtani ( R )","Marcus Semien","Willie Calhoun",8600,13.6,1.6
"CHC","@COL - Freeland ( L )","Seiya Suzuki","Yan Gomes",7700,13.5,1.8
"COL","CHC - Steele ( L )","Kris Bryant","Sam Hilliard",7200,13.5,1.9
"SD","ATL - Morton ( R )","Jurickson Profar","Trent Grisham",6600,13.5,2
"TOR","@NYY - Severino ( R )","Matt Chapman","Zack Collins",6100,13.5,2.2
"SD","ATL - Morton ( R )","Austin Nola","Jake Cronenworth",7700,13.5,1.8
"NYY","TOR - Gausman ( R )","Giancarlo Stanton","Isiah Kiner-Falefa",8600,13.5,1.6
"CHC","@COL - Freeland ( L )","Jonathan Villar","Seiya Suzuki",8600,13.4,1.6
"ATL","@SD - Musgrove ( R )","Alex Dickerson","Marcell Ozuna",7100,13.4,1.9
"SD","ATL - Morton ( R )","Trent Grisham","Wil Myers",7100,13.4,1.9
"CIN","@LAD - Buehler ( R )","Joey Votto","Mike Moustakas",6700,13.4,2
"LAA","@TEX - Dunning ( R )","Kurt Suzuki","Mike Trout",8400,13.4,1.6
"NYY","TOR - Gausman ( R )","Aaron Hicks","DJ LeMahieu",8000,13.4,1.7
"LAA","@TEX - Dunning ( R )","Andrew Velazquez","Jo Adell",6300,13.4,2.1
"NYY","TOR - Gausman ( R )","DJ LeMahieu","Kyle Higashioka",8200,13.4,1.6
"CIN","@LAD - Buehler ( R )","Nick Senzel","Tyler Naquin",5800,13.4,2.3
"TOR","@NYY - Severino ( R )","Raimel Tapia","Santiago Espinal",5500,13.4,2.4
"LAA","@TEX - Dunning ( R )","Jack Mayfield","Mike Trout",8700,13.4,1.5
"KC","DET - Mize ( R )","Carlos Santana","Michael A. Taylor",5400,13.3,2.5
"CIN","@LAD - Buehler ( R )","Jonathan India","Mike Moustakas",6500,13.3,2.1
"KC","DET - Mize ( R )","Michael A. Taylor","Nicky Lopez",6000,13.3,2.2
"ATL","@SD - Musgrove ( R )","Dansby Swanson","Marcell Ozuna",7900,13.3,1.7
"CIN","@LAD - Buehler ( R )","Jake Fraley","Tyler Stephenson",5400,13.3,2.5
"CHC","@COL - Freeland ( L )","Clint Frazier","Yan Gomes",5500,13.3,2.4
"TOR","@NYY - Severino ( R )","Lourdes Gurriel","Zack Collins",6500,13.3,2
"SD","ATL - Morton ( R )","Austin Nola","Trent Grisham",7500,13.3,1.8
"LAA","@TEX - Dunning ( R )","Brandon Marsh","Jose Rojas",6000,13.3,2.2
"CIN","@LAD - Buehler ( R )","Nick Senzel","Tommy Pham",5500,13.2,2.4
"CHC","@COL - Freeland ( L )","Clint Frazier","Jonathan Villar",6400,13.2,2.1
"LAA","@TEX - Dunning ( R )","Andrew Velazquez","Matt Duffy",6000,13.2,2.2
"LAA","@TEX - Dunning ( R )","Anthony Rendon","Jose Rojas",6900,13.2,1.9
"SD","ATL - Morton ( R )","C.J. Abrams","Jake Cronenworth",6600,13.2,2
"LAA","@TEX - Dunning ( R )","Jared Walsh","Kurt Suzuki",7300,13.2,1.8
"COL","CHC - Steele ( L )","C.J. Cron","Sam Hilliard",7300,13.2,1.8
"ATL","@SD - Musgrove ( R )","Marcell Ozuna","Travis d'Arnaud",7500,13.2,1.8
"SD","ATL - Morton ( R )","Eric Hosmer","Jurickson Profar",5900,13.2,2.2
"CIN","@LAD - Buehler ( R )","Mike Moustakas","Tyler Naquin",5600,13.2,2.4
"LAD","CIN - Cessa ( R )","Edwin Rios","Trea Turner",7800,13.2,1.7
"TEX","LAA - Ohtani ( R )","Andy Ibanez","Kole Calhoun",6900,13.2,1.9
"LAA","@TEX - Dunning ( R )","Jack Mayfield","Jared Walsh",7600,13.1,1.7
"TEX","LAA - Ohtani ( R )","Nate Lowe","Willie Calhoun",8000,13.1,1.6
"SD","ATL - Morton ( R )","Jurickson Profar","Luke Voit",6200,13.1,2.1
"COL","CHC - Steele ( L )","Garrett Hampson","Kris Bryant",7200,13.1,1.8
"TOR","@NYY - Severino ( R )","Alejandro Kirk","Zack Collins",5600,13.1,2.3
"SD","ATL - Morton ( R )","Eric Hosmer","Wil Myers",6400,13.1,2
"TEX","LAA - Ohtani ( R )","Adolis Garcia","Willie Calhoun",8200,13.1,1.6
"SD","ATL - Morton ( R )","Luke Voit","Wil Myers",6700,13.1,2
"ATL","@SD - Musgrove ( R )","Alex Dickerson","Dansby Swanson",7000,13.1,1.9
"CHC","@COL - Freeland ( L )","Alfonso Rivas","Patrick Wisdom",7200,13,1.8
"SD","ATL - Morton ( R )","C.J. Abrams","Trent Grisham",6400,13,2
"CIN","@LAD - Buehler ( R )","Mike Moustakas","Tommy Pham",5300,13,2.5
"CHC","@COL - Freeland ( L )","Patrick Wisdom","Rafael Ortega",9100,13,1.4
"SD","ATL - Morton ( R )","Austin Nola","Eric Hosmer",6800,12.9,1.9
"TEX","LAA - Ohtani ( R )","Mitch Garver","Willie Calhoun",7900,12.9,1.6
"CIN","@LAD - Buehler ( R )","Joey Votto","Kyle Farmer",7400,12.9,1.7
"SD","ATL - Morton ( R )","Austin Nola","Luke Voit",7100,12.9,1.8
"ATL","@SD - Musgrove ( R )","Alex Dickerson","Travis d'Arnaud",6600,12.9,2
"CHC","@COL - Freeland ( L )","Nick Madrigal","Yan Gomes",7300,12.9,1.8
"COL","CHC - Steele ( L )","Alan Trejo","Kris Bryant",6400,12.9,2
"COL","CHC - Steele ( L )","Kris Bryant","Yonathan Daza",6400,12.9,2
"CIN","@LAD - Buehler ( R )","Jonathan India","Kyle Farmer",7200,12.9,1.8
"NYY","TOR - Gausman ( R )","Aaron Hicks","Kyle Higashioka",6000,12.8,2.1
"CHC","@COL - Freeland ( L )","Alfonso Rivas","Seiya Suzuki",7100,12.8,1.8
"COL","CHC - Steele ( L )","C.J. Cron","Garrett Hampson",7300,12.8,1.8
"CIN","@LAD - Buehler ( R )","Jake Fraley","Nick Senzel",5100,12.8,2.5
"TOR","@NYY - Severino ( R )","Santiago Espinal","Zack Collins",4700,12.8,2.7
"CHC","@COL - Freeland ( L )","Jason Heyward","Patrick Wisdom",8600,12.8,1.5
"ATL","@SD - Musgrove ( R )","Dansby Swanson","Travis d'Arnaud",7400,12.8,1.7
"CHC","@COL - Freeland ( L )","Rafael Ortega","Seiya Suzuki",9000,12.8,1.4
"CHC","@COL - Freeland ( L )","Jonathan Villar","Nick Madrigal",8200,12.8,1.6
"NYY","TOR - Gausman ( R )","Isiah Kiner-Falefa","Joey Gallo",7800,12.8,1.6
"CIN","@LAD - Buehler ( R )","Nick Senzel","Tyler Stephenson",5300,12.7,2.4
"TOR","@NYY - Severino ( R )","Raimel Tapia","Zack Collins",5600,12.7,2.3
"LAD","CIN - Cessa ( R )","Freddie Freeman","Gavin Lux",7900,12.7,1.6
"LAA","@TEX - Dunning ( R )","Jose Rojas","Tyler Wade",5500,12.7,2.3
"SD","ATL - Morton ( R )","C.J. Abrams","Eric Hosmer",5700,12.7,2.2
"CIN","@LAD - Buehler ( R )","Kyle Farmer","Tyler Naquin",6300,12.7,2
"COL","CHC - Steele ( L )","Dom Nunez","Kris Bryant",7400,12.7,1.7
"SD","ATL - Morton ( R )","C.J. Abrams","Luke Voit",6000,12.7,2.1
"LAA","@TEX - Dunning ( R )","Jose Rojas","Max Stassi",6600,12.6,1.9
"COL","CHC - Steele ( L )","Connor Joe","Sam Hilliard",6200,12.6,2
"DET","@KC - Greinke ( R )","Austin Meadows","Eric Haase",8700,12.6,1.5
"DET","@KC - Greinke ( R )","Austin Meadows","Victor Reyes",7400,12.6,1.7
"CHC","@COL - Freeland ( L )","Alfonso Rivas","Clint Frazier",4900,12.6,2.6
"CHC","@COL - Freeland ( L )","Jason Heyward","Seiya Suzuki",8500,12.6,1.5
"CIN","@LAD - Buehler ( R )","Jake Fraley","Mike Moustakas",4900,12.6,2.6
"CHC","@COL - Freeland ( L )","Clint Frazier","Rafael Ortega",6800,12.6,1.8
"COL","CHC - Steele ( L )","Alan Trejo","C.J. Cron",6500,12.6,1.9
"COL","CHC - Steele ( L )","C.J. Cron","Yonathan Daza",6500,12.6,1.9
"LAD","CIN - Cessa ( R )","Edwin Rios","Mookie Betts",7500,12.6,1.7
"CIN","@LAD - Buehler ( R )","Kyle Farmer","Tommy Pham",6000,12.5,2.1
"LAA","@TEX - Dunning ( R )","Andrew Velazquez","Brandon Marsh",5300,12.5,2.4
"CIN","@LAD - Buehler ( R )","Mike Moustakas","Tyler Stephenson",5100,12.5,2.5
"COL","CHC - Steele ( L )","Ryan McMahon","Sam Hilliard",6700,12.5,1.9
"CHC","@COL - Freeland ( L )","Ian Happ","Yan Gomes",6500,12.5,1.9
"SD","ATL - Morton ( R )","Jurickson Profar","Wil Myers",5900,12.5,2.1
"LAA","@TEX - Dunning ( R )","Andrew Velazquez","Anthony Rendon",6200,12.5,2
"TEX","LAA - Ohtani ( R )","Kole Calhoun","Willie Calhoun",7000,12.4,1.8
"LAD","CIN - Cessa ( R )","Austin Barnes","Trea Turner",8200,12.4,1.5
"CHC","@COL - Freeland ( L )","Ian Happ","Jonathan Villar",7400,12.4,1.7
"NYY","TOR - Gausman ( R )","DJ LeMahieu","Isiah Kiner-Falefa",8800,12.4,1.4
"CHC","@COL - Freeland ( L )","Clint Frazier","Jason Heyward",6300,12.4,2
"COL","CHC - Steele ( L )","C.J. Cron","Dom Nunez",7500,12.4,1.6
"DET","@KC - Greinke ( R )","Austin Meadows","Harold Castro",7100,12.3,1.7
"DET","@KC - Greinke ( R )","Austin Meadows","Dustin Garneau",8400,12.3,1.5
"SD","ATL - Morton ( R )","Austin Nola","Jurickson Profar",6300,12.3,2
"LAD","CIN - Cessa ( R )","Chris Taylor","Gavin Lux",6900,12.3,1.8
"COL","CHC - Steele ( L )","Connor Joe","Garrett Hampson",6200,12.3,2
"SD","ATL - Morton ( R )","Austin Nola","Wil Myers",6800,12.3,1.8
"LAD","CIN - Cessa ( R )","Gavin Lux","Justin Turner",6800,12.2,1.8
"COL","CHC - Steele ( L )","Brendan Rodgers","Sam Hilliard",6500,12.2,1.9
"CHC","@COL - Freeland ( L )","Alfonso Rivas","Nick Madrigal",6700,12.2,1.8
"CHC","@COL - Freeland ( L )","Nick Madrigal","Rafael Ortega",8600,12.1,1.4
"COL","CHC - Steele ( L )","Garrett Hampson","Ryan McMahon",6700,12.1,1.8
"CHC","@COL - Freeland ( L )","Nico Hoerner","Yan Gomes",6400,12.1,1.9
"CIN","@LAD - Buehler ( R )","Jake Fraley","Kyle Farmer",5600,12.1,2.2
"SD","ATL - Morton ( R )","C.J. Abrams","Jurickson Profar",5200,12.1,2.3
"LAD","CIN - Cessa ( R )","Gavin Lux","Max Muncy",7200,12.1,1.7
"CHC","@COL - Freeland ( L )","Jonathan Villar","Nico Hoerner",7300,12,1.6
"COL","CHC - Steele ( L )","Alan Trejo","Connor Joe",5400,12,2.2
"COL","CHC - Steele ( L )","Connor Joe","Yonathan Daza",5400,12,2.2
"CIN","@LAD - Buehler ( R )","Kyle Farmer","Tyler Stephenson",5800,12,2.1
"CIN","@LAD - Buehler ( R )","Mike Moustakas","Nick Senzel",4800,12,2.5
"SD","ATL - Morton ( R )","C.J. Abrams","Wil Myers",5700,12,2.1
"LAD","CIN - Cessa ( R )","Gavin Lux","Hanser Alberto",4900,12,2.4
"LAA","@TEX - Dunning ( R )","Andrew Velazquez","Tyler Wade",4800,12,2.5
"CHC","@COL - Freeland ( L )","Jason Heyward","Nick Madrigal",8100,11.9,1.5
"LAD","CIN - Cessa ( R )","Gavin Lux","Will Smith",7000,11.9,1.7
"TOR","@NYY - Severino ( R )","Bradley Zimmer","Teoscar Hernandez",8100,11.9,1.5
"LAA","@TEX - Dunning ( R )","Andrew Velazquez","Max Stassi",5900,11.9,2
"COL","CHC - Steele ( L )","Alan Trejo","Ryan McMahon",5900,11.9,2
"COL","CHC - Steele ( L )","Ryan McMahon","Yonathan Daza",5900,11.9,2
"TOR","@NYY - Severino ( R )","Cavan Biggio","Teoscar Hernandez",7500,11.9,1.6
"LAD","CIN - Cessa ( R )","Austin Barnes","Mookie Betts",7900,11.9,1.5
"NYY","TOR - Gausman ( R )","Aaron Hicks","Isiah Kiner-Falefa",6600,11.8,1.8
"SD","ATL - Morton ( R )","Austin Nola","C.J. Abrams",6100,11.8,1.9
"LAA","@TEX - Dunning ( R )","Jo Adell","Kurt Suzuki",6900,11.8,1.7
"NYY","TOR - Gausman ( R )","Isiah Kiner-Falefa","Kyle Higashioka",6800,11.8,1.7
"COL","CHC - Steele ( L )","Connor Joe","Dom Nunez",6400,11.8,1.8
"COL","CHC - Steele ( L )","Brendan Rodgers","Garrett Hampson",6500,11.8,1.8
"COL","CHC - Steele ( L )","Randal Grichuk","Sam Hilliard",6000,11.8,2
"TEX","LAA - Ohtani ( R )","Andy Ibanez","Willie Calhoun",7100,11.8,1.7
"CHC","@COL - Freeland ( L )","Alfonso Rivas","Ian Happ",5900,11.8,2
"LAA","@TEX - Dunning ( R )","Jack Mayfield","Jo Adell",7200,11.8,1.6
"TOR","@NYY - Severino ( R )","Bradley Zimmer","George Springer",8700,11.8,1.4
"CHC","@COL - Freeland ( L )","Ian Happ","Rafael Ortega",7800,11.8,1.5
"KC","DET - Mize ( R )","Adalberto Mondesi","Ryan O'Hearn",6400,11.7,1.8
"TOR","@NYY - Severino ( R )","Cavan Biggio","George Springer",8100,11.7,1.4
"KC","DET - Mize ( R )","Ryan O'Hearn","Salvador Perez",6600,11.7,1.8
"DET","@KC - Greinke ( R )","Akil Baddoo","Eric Haase",7800,11.7,1.5
"DET","@KC - Greinke ( R )","Akil Baddoo","Victor Reyes",6500,11.7,1.8
"KC","DET - Mize ( R )","Adalberto Mondesi","Kyle Isbel",6400,11.7,1.8
"COL","CHC - Steele ( L )","Dom Nunez","Ryan McMahon",6900,11.7,1.7
"LAA","@TEX - Dunning ( R )","Kurt Suzuki","Matt Duffy",6600,11.7,1.8
"KC","DET - Mize ( R )","Kyle Isbel","Salvador Perez",6600,11.7,1.8
"COL","CHC - Steele ( L )","Charlie Blackmon","Sam Hilliard",6700,11.6,1.7
"LAA","@TEX - Dunning ( R )","Jack Mayfield","Matt Duffy",6900,11.6,1.7
"DET","@KC - Greinke ( R )","Eric Haase","Robbie Grossman",8300,11.6,1.4
"DET","@KC - Greinke ( R )","Robbie Grossman","Victor Reyes",7000,11.6,1.7
"CHC","@COL - Freeland ( L )","Ian Happ","Jason Heyward",7300,11.6,1.6
"COL","CHC - Steele ( L )","Alan Trejo","Brendan Rodgers",5700,11.6,2
"COL","CHC - Steele ( L )","Brendan Rodgers","Yonathan Daza",5700,11.6,2
"KC","DET - Mize ( R )","Adalberto Mondesi","Cam Gallagher",6700,11.5,1.7
"NYY","TOR - Gausman ( R )","Aaron Judge","Gleyber Torres",9000,11.5,1.3
"TOR","@NYY - Severino ( R )","Teoscar Hernandez","Tyler Heineman",6500,11.5,1.8
"KC","DET - Mize ( R )","Ryan O'Hearn","Whit Merrifield",6500,11.5,1.8
"CIN","@LAD - Buehler ( R )","Kyle Farmer","Nick Senzel",5500,11.5,2.1
"TOR","@NYY - Severino ( R )","Bradley Zimmer","Vladimir Guerrero Jr.",9600,11.5,1.2
"KC","DET - Mize ( R )","Cam Gallagher","Salvador Perez",6900,11.5,1.7
"KC","DET - Mize ( R )","Adalberto Mondesi","Edward Olivares",6400,11.5,1.8
"KC","DET - Mize ( R )","Kyle Isbel","Whit Merrifield",6500,11.5,1.8
"LAD","CIN - Cessa ( R )","Edwin Rios","Freddie Freeman",7200,11.5,1.6
"COL","CHC - Steele ( L )","Elias Diaz","Sam Hilliard",6200,11.5,1.8
"KC","DET - Mize ( R )","Edward Olivares","Salvador Perez",6600,11.5,1.7
"TOR","@NYY - Severino ( R )","Cavan Biggio","Vladimir Guerrero Jr.",9000,11.4,1.3
"COL","CHC - Steele ( L )","Garrett Hampson","Randal Grichuk",6000,11.4,1.9
"DET","@KC - Greinke ( R )","Akil Baddoo","Harold Castro",6200,11.4,1.8
"CHC","@COL - Freeland ( L )","Alfonso Rivas","Nico Hoerner",5800,11.4,2
"CHC","@COL - Freeland ( L )","Michael Hermosillo","Yan Gomes",6100,11.4,1.9
"DET","@KC - Greinke ( R )","Eric Haase","Javier Baez",8700,11.4,1.3
"DET","@KC - Greinke ( R )","Javier Baez","Victor Reyes",7400,11.4,1.5
"DET","@KC - Greinke ( R )","Akil Baddoo","Dustin Garneau",7500,11.4,1.5
"CHC","@COL - Freeland ( L )","Nico Hoerner","Rafael Ortega",7700,11.4,1.5
"TOR","@NYY - Severino ( R )","George Springer","Tyler Heineman",7100,11.4,1.6
"COL","CHC - Steele ( L )","Brendan Rodgers","Dom Nunez",6700,11.3,1.7
"CHC","@COL - Freeland ( L )","Jonathan Villar","Michael Hermosillo",7000,11.3,1.6
"KC","DET - Mize ( R )","Cam Gallagher","Whit Merrifield",6800,11.3,1.7
"DET","@KC - Greinke ( R )","Harold Castro","Robbie Grossman",6700,11.3,1.7
"CIN","@LAD - Buehler ( R )","Kyle Farmer","Mike Moustakas",5300,11.3,2.1
"DET","@KC - Greinke ( R )","Dustin Garneau","Robbie Grossman",8000,11.3,1.4
"TOR","@NYY - Severino ( R )","Bo Bichette","Bradley Zimmer",8700,11.3,1.3
"KC","DET - Mize ( R )","Edward Olivares","Whit Merrifield",6500,11.3,1.7
"COL","CHC - Steele ( L )","Charlie Blackmon","Garrett Hampson",6700,11.3,1.7
"TOR","@NYY - Severino ( R )","Bo Bichette","Cavan Biggio",8100,11.2,1.4
"NYY","TOR - Gausman ( R )","Aaron Judge","Marwin Gonzalez",7500,11.2,1.5
"CHC","@COL - Freeland ( L )","Jason Heyward","Nico Hoerner",7200,11.2,1.6
"COL","CHC - Steele ( L )","Alan Trejo","Randal Grichuk",5200,11.2,2.1
"COL","CHC - Steele ( L )","Randal Grichuk","Yonathan Daza",5200,11.2,2.1
"DET","@KC - Greinke ( R )","Harold Castro","Javier Baez",7100,11.1,1.6
"DET","@KC - Greinke ( R )","Dustin Garneau","Javier Baez",8400,11.1,1.3
"TOR","@NYY - Severino ( R )","Tyler Heineman","Vladimir Guerrero Jr.",8000,11.1,1.4
"COL","CHC - Steele ( L )","Elias Diaz","Garrett Hampson",6200,11.1,1.8
"DET","@KC - Greinke ( R )","Eric Haase","Jeimer Candelario",8800,11.1,1.3
"DET","@KC - Greinke ( R )","Jeimer Candelario","Victor Reyes",7500,11.1,1.5
"LAD","CIN - Cessa ( R )","Chris Taylor","Edwin Rios",6200,11.1,1.8
"NYY","TOR - Gausman ( R )","Aaron Judge","Jose Trevino",7900,11,1.4
"COL","CHC - Steele ( L )","Alan Trejo","Charlie Blackmon",5900,11,1.9
"COL","CHC - Steele ( L )","Charlie Blackmon","Yonathan Daza",5900,11,1.9
"KC","DET - Mize ( R )","Andrew Benintendi","Ryan O'Hearn",5800,11,1.9
"COL","CHC - Steele ( L )","Dom Nunez","Randal Grichuk",6200,11,1.8
"LAD","CIN - Cessa ( R )","Edwin Rios","Justin Turner",6100,11,1.8
"TEX","LAA - Ohtani ( R )","Corey Seager","Eli White",8400,11,1.3
"LAA","@TEX - Dunning ( R )","Brandon Marsh","Kurt Suzuki",5900,10.9,1.9
"KC","DET - Mize ( R )","Andrew Benintendi","Kyle Isbel",5800,10.9,1.9
"LAD","CIN - Cessa ( R )","Cody Bellinger","Gavin Lux",5600,10.9,2
"LAA","@TEX - Dunning ( R )","Anthony Rendon","Kurt Suzuki",6800,10.9,1.6
"LAA","@TEX - Dunning ( R )","Brandon Marsh","Jack Mayfield",6200,10.9,1.8
"TOR","@NYY - Severino ( R )","Bo Bichette","Tyler Heineman",7100,10.9,1.5
"COL","CHC - Steele ( L )","Alan Trejo","Elias Diaz",5400,10.8,2
"COL","CHC - Steele ( L )","Elias Diaz","Yonathan Daza",5400,10.8,2
"KC","DET - Mize ( R )","Bobby Witt Jr.","Ryan O'Hearn",4500,10.8,2.4
"NYY","TOR - Gausman ( R )","Gleyber Torres","Josh Donaldson",8800,10.8,1.2
"LAA","@TEX - Dunning ( R )","Anthony Rendon","Jack Mayfield",7100,10.8,1.5
"TEX","LAA - Ohtani ( R )","Brad Miller","Eli White",6600,10.8,1.6
"DET","@KC - Greinke ( R )","Harold Castro","Jeimer Candelario",7200,10.8,1.5
"LAD","CIN - Cessa ( R )","Edwin Rios","Max Muncy",6500,10.8,1.7
"KC","DET - Mize ( R )","Andrew Benintendi","Cam Gallagher",6100,10.8,1.8
"TEX","LAA - Ohtani ( R )","Corey Seager","Nick Solak",9300,10.8,1.2
"COL","CHC - Steele ( L )","Charlie Blackmon","Dom Nunez",6900,10.8,1.6
"KC","DET - Mize ( R )","Bobby Witt Jr.","Kyle Isbel",4500,10.8,2.4
"ATL","@SD - Musgrove ( R )","Guillermo Heredia","Matt Olson",6800,10.8,1.6
"ATL","@SD - Musgrove ( R )","Manny Pina","Matt Olson",7200,10.8,1.5
"DET","@KC - Greinke ( R )","Dustin Garneau","Jeimer Candelario",8500,10.8,1.3
"LAD","CIN - Cessa ( R )","Austin Barnes","Freddie Freeman",7600,10.8,1.4
"KC","DET - Mize ( R )","Andrew Benintendi","Edward Olivares",5800,10.8,1.9
"DET","@KC - Greinke ( R )","Eric Haase","Jonathan Schoop",8300,10.7,1.3
"DET","@KC - Greinke ( R )","Jonathan Schoop","Victor Reyes",7000,10.7,1.5
"ATL","@SD - Musgrove ( R )","Matt Olson","Orlando Arcia",6900,10.7,1.6
"LAD","CIN - Cessa ( R )","Edwin Rios","Hanser Alberto",4200,10.7,2.6
"CHC","@COL - Freeland ( L )","Alfonso Rivas","Michael Hermosillo",5500,10.7,1.9
"NYY","TOR - Gausman ( R )","Anthony Rizzo","Gleyber Torres",8600,10.7,1.2
"TEX","LAA - Ohtani ( R )","Corey Seager","Jonah Heim",8600,10.7,1.2
"TEX","LAA - Ohtani ( R )","Charlie Culberson","Corey Seager",8500,10.7,1.3
"LAD","CIN - Cessa ( R )","Edwin Rios","Will Smith",6300,10.7,1.7
"CHC","@COL - Freeland ( L )","Michael Hermosillo","Rafael Ortega",7400,10.7,1.4
"TEX","LAA - Ohtani ( R )","Brad Miller","Nick Solak",7500,10.7,1.4
"KC","DET - Mize ( R )","Bobby Witt Jr.","Cam Gallagher",4800,10.6,2.2
"SD","ATL - Morton ( R )","Ha-Seong Kim","Manny Machado",7600,10.6,1.4
"COL","CHC - Steele ( L )","Dom Nunez","Elias Diaz",6400,10.6,1.7
"KC","DET - Mize ( R )","Bobby Witt Jr.","Edward Olivares",4500,10.6,2.4
"SD","ATL - Morton ( R )","Manny Machado","Matt Beaty",7100,10.6,1.5
"ATL","@SD - Musgrove ( R )","Austin Riley","Guillermo Heredia",6500,10.6,1.6
"ATL","@SD - Musgrove ( R )","Austin Riley","Manny Pina",6900,10.6,1.5
"TEX","LAA - Ohtani ( R )","Brad Miller","Jonah Heim",6800,10.6,1.6
"TEX","LAA - Ohtani ( R )","Brad Miller","Charlie Culberson",6700,10.5,1.6
"NYY","TOR - Gausman ( R )","Giancarlo Stanton","Gleyber Torres",8700,10.5,1.2
"NYY","TOR - Gausman ( R )","Josh Donaldson","Marwin Gonzalez",7300,10.5,1.4
"ATL","@SD - Musgrove ( R )","Austin Riley","Orlando Arcia",6600,10.5,1.6
"CHC","@COL - Freeland ( L )","Jason Heyward","Michael Hermosillo",6900,10.5,1.5
"DET","@KC - Greinke ( R )","Harold Castro","Jonathan Schoop",6700,10.5,1.6
"DET","@KC - Greinke ( R )","Dustin Garneau","Jonathan Schoop",8000,10.4,1.3
"LAA","@TEX - Dunning ( R )","Kurt Suzuki","Tyler Wade",5400,10.4,1.9
"NYY","TOR - Gausman ( R )","Anthony Rizzo","Marwin Gonzalez",7100,10.4,1.5
"LAD","CIN - Cessa ( R )","Austin Barnes","Chris Taylor",6600,10.4,1.6
"LAA","@TEX - Dunning ( R )","Jack Mayfield","Tyler Wade",5700,10.3,1.8
"LAA","@TEX - Dunning ( R )","Kurt Suzuki","Max Stassi",6500,10.3,1.6
"NYY","TOR - Gausman ( R )","Jose Trevino","Josh Donaldson",7700,10.3,1.3
"ATL","@SD - Musgrove ( R )","Eddie Rosario","Guillermo Heredia",6100,10.3,1.7
"ATL","@SD - Musgrove ( R )","Eddie Rosario","Manny Pina",6500,10.3,1.6
"TEX","LAA - Ohtani ( R )","Eli White","Marcus Semien",8000,10.3,1.3
"LAA","@TEX - Dunning ( R )","Jack Mayfield","Max Stassi",6800,10.3,1.5
"ATL","@SD - Musgrove ( R )","Eddie Rosario","Orlando Arcia",6200,10.3,1.7
"LAD","CIN - Cessa ( R )","Austin Barnes","Justin Turner",6500,10.2,1.6
"NYY","TOR - Gausman ( R )","Giancarlo Stanton","Marwin Gonzalez",7200,10.2,1.4
"SD","ATL - Morton ( R )","Jose Azocar","Manny Machado",6700,10.2,1.5
"NYY","TOR - Gausman ( R )","Anthony Rizzo","Jose Trevino",7500,10.2,1.4
"COL","CHC - Steele ( L )","Jose Iglesias","Sam Hilliard",6000,10.2,1.7
"TEX","LAA - Ohtani ( R )","Marcus Semien","Nick Solak",8900,10.1,1.1
"SD","ATL - Morton ( R )","Jorge Alfaro","Manny Machado",8000,10.1,1.3
"CIN","@LAD - Buehler ( R )","Aristides Aquino","Joey Votto",6600,10.1,1.5
"LAD","CIN - Cessa ( R )","Austin Barnes","Max Muncy",6900,10.1,1.5
"TEX","LAA - Ohtani ( R )","Jonah Heim","Marcus Semien",8200,10,1.2
"TEX","LAA - Ohtani ( R )","Charlie Culberson","Marcus Semien",8100,10,1.2
"CIN","@LAD - Buehler ( R )","Aristides Aquino","Jonathan India",6400,10,1.6
"LAD","CIN - Cessa ( R )","Austin Barnes","Hanser Alberto",4600,10,2.2
"NYY","TOR - Gausman ( R )","Giancarlo Stanton","Jose Trevino",7600,10,1.3
"LAD","CIN - Cessa ( R )","Austin Barnes","Will Smith",6700,10,1.5
"ATL","@SD - Musgrove ( R )","Adam Duvall","Guillermo Heredia",5900,9.9,1.7
"ATL","@SD - Musgrove ( R )","Adam Duvall","Manny Pina",6300,9.9,1.6
"KC","DET - Mize ( R )","Hunter Dozier","Ryan O'Hearn",4600,9.9,2.1
"TEX","LAA - Ohtani ( R )","Eli White","Nate Lowe",7400,9.9,1.3
"SD","ATL - Morton ( R )","Ha-Seong Kim","Jake Cronenworth",7000,9.9,1.4
"NYY","TOR - Gausman ( R )","Gleyber Torres","Joey Gallo",7900,9.9,1.2
"ATL","@SD - Musgrove ( R )","Adam Duvall","Orlando Arcia",6000,9.8,1.6
"KC","DET - Mize ( R )","Hunter Dozier","Kyle Isbel",4600,9.8,2.1
"CIN","@LAD - Buehler ( R )","Aristides Aquino","Tyler Naquin",5500,9.8,1.8
"TEX","LAA - Ohtani ( R )","Adolis Garcia","Eli White",7600,9.8,1.3
"TOR","@NYY - Severino ( R )","Bradley Zimmer","Matt Chapman",7400,9.8,1.3
"SD","ATL - Morton ( R )","Jake Cronenworth","Matt Beaty",6500,9.8,1.5
"COL","CHC - Steele ( L )","Garrett Hampson","Jose Iglesias",6000,9.8,1.6
"TOR","@NYY - Severino ( R )","Cavan Biggio","Matt Chapman",6800,9.8,1.4
"DET","@KC - Greinke ( R )","Eric Haase","Miguel Cabrera",8000,9.8,1.2
"DET","@KC - Greinke ( R )","Miguel Cabrera","Victor Reyes",6700,9.8,1.5
"CIN","@LAD - Buehler ( R )","Colin Moran","Joey Votto",7300,9.7,1.3
"TEX","LAA - Ohtani ( R )","Nate Lowe","Nick Solak",8300,9.7,1.2
"DET","@KC - Greinke ( R )","Eric Haase","Spencer Torkelson",7100,9.7,1.4
"DET","@KC - Greinke ( R )","Spencer Torkelson","Victor Reyes",5800,9.7,1.7
"LAD","CIN - Cessa ( R )","Cody Bellinger","Edwin Rios",4900,9.7,2
"KC","DET - Mize ( R )","Cam Gallagher","Hunter Dozier",4900,9.7,2
"TEX","LAA - Ohtani ( R )","Eli White","Mitch Garver",7300,9.7,1.3
"CIN","@LAD - Buehler ( R )","Aristides Aquino","Tommy Pham",5200,9.7,1.9
"SD","ATL - Morton ( R )","Ha-Seong Kim","Trent Grisham",6800,9.7,1.4
"TEX","LAA - Ohtani ( R )","Adolis Garcia","Nick Solak",8500,9.7,1.1
"TOR","@NYY - Severino ( R )","Bradley Zimmer","Lourdes Gurriel",7800,9.6,1.2
"KC","DET - Mize ( R )","Edward Olivares","Hunter Dozier",4600,9.6,2.1
"CIN","@LAD - Buehler ( R )","Colin Moran","Jonathan India",7100,9.6,1.4
"TEX","LAA - Ohtani ( R )","Jonah Heim","Nate Lowe",7600,9.6,1.3
"SD","ATL - Morton ( R )","Matt Beaty","Trent Grisham",6300,9.6,1.5
"TEX","LAA - Ohtani ( R )","Charlie Culberson","Nate Lowe",7500,9.6,1.3
"TOR","@NYY - Severino ( R )","Cavan Biggio","Lourdes Gurriel",7200,9.6,1.3
"TEX","LAA - Ohtani ( R )","Adolis Garcia","Jonah Heim",7800,9.6,1.2
"TEX","LAA - Ohtani ( R )","Adolis Garcia","Charlie Culberson",7700,9.6,1.2
"CIN","@LAD - Buehler ( R )","Brandon Drury","Joey Votto",6500,9.6,1.5
"COL","CHC - Steele ( L )","Alan Trejo","Jose Iglesias",5200,9.6,1.8
"COL","CHC - Steele ( L )","Jose Iglesias","Yonathan Daza",5200,9.6,1.8
"NYY","TOR - Gausman ( R )","Joey Gallo","Marwin Gonzalez",6400,9.6,1.5
"ATL","@SD - Musgrove ( R )","Guillermo Heredia","Ozzie Albies",6600,9.6,1.4
"ATL","@SD - Musgrove ( R )","Manny Pina","Ozzie Albies",7000,9.6,1.4
"CIN","@LAD - Buehler ( R )","Aramis Garcia","Joey Votto",6600,9.6,1.4
"TEX","LAA - Ohtani ( R )","Mitch Garver","Nick Solak",8200,9.5,1.2
"ATL","@SD - Musgrove ( R )","Orlando Arcia","Ozzie Albies",6700,9.5,1.4
"NYY","TOR - Gausman ( R )","DJ LeMahieu","Gleyber Torres",8900,9.5,1.1
"CIN","@LAD - Buehler ( R )","Brandon Drury","Jonathan India",6300,9.5,1.5
"DET","@KC - Greinke ( R )","Harold Castro","Miguel Cabrera",6400,9.5,1.5
"CIN","@LAD - Buehler ( R )","Aramis Garcia","Jonathan India",6400,9.5,1.5
"DET","@KC - Greinke ( R )","Dustin Garneau","Miguel Cabrera",7700,9.4,1.2
"CIN","@LAD - Buehler ( R )","Colin Moran","Tyler Naquin",6200,9.4,1.5
"TOR","@NYY - Severino ( R )","Alejandro Kirk","Bradley Zimmer",6900,9.4,1.4
"DET","@KC - Greinke ( R )","Harold Castro","Spencer Torkelson",5500,9.4,1.7
"TOR","@NYY - Severino ( R )","Matt Chapman","Tyler Heineman",5800,9.4,1.6
"TEX","LAA - Ohtani ( R )","Jonah Heim","Mitch Garver",7500,9.4,1.3
"SD","ATL - Morton ( R )","Jake Cronenworth","Jose Azocar",6100,9.4,1.5
"TEX","LAA - Ohtani ( R )","Charlie Culberson","Mitch Garver",7400,9.4,1.3
"DET","@KC - Greinke ( R )","Dustin Garneau","Spencer Torkelson",6800,9.4,1.4
"DET","@KC - Greinke ( R )","Eric Haase","Tucker Barnhart",7100,9.4,1.3
"DET","@KC - Greinke ( R )","Tucker Barnhart","Victor Reyes",5800,9.4,1.6
"TOR","@NYY - Severino ( R )","Alejandro Kirk","Cavan Biggio",6300,9.4,1.5
"SD","ATL - Morton ( R )","Jake Cronenworth","Jorge Alfaro",7400,9.4,1.3
"SD","ATL - Morton ( R )","Eric Hosmer","Ha-Seong Kim",6100,9.3,1.5
"COL","CHC - Steele ( L )","Dom Nunez","Jose Iglesias",6200,9.3,1.5
"NYY","TOR - Gausman ( R )","Joey Gallo","Jose Trevino",6800,9.3,1.4
"SD","ATL - Morton ( R )","Ha-Seong Kim","Luke Voit",6400,9.3,1.5
"CIN","@LAD - Buehler ( R )","Colin Moran","Tommy Pham",5900,9.3,1.6
"KC","DET - Mize ( R )","Carlos Santana","Ryan O'Hearn",5000,9.3,1.9
"SD","ATL - Morton ( R )","Eric Hosmer","Matt Beaty",5600,9.3,1.7
"CIN","@LAD - Buehler ( R )","Brandon Drury","Tyler Naquin",5400,9.3,1.7
"CIN","@LAD - Buehler ( R )","Aramis Garcia","Tyler Naquin",5500,9.3,1.7
"KC","DET - Mize ( R )","Nicky Lopez","Ryan O'Hearn",5600,9.3,1.7
"CIN","@LAD - Buehler ( R )","Aristides Aquino","Jake Fraley",4800,9.3,1.9
"SD","ATL - Morton ( R )","Luke Voit","Matt Beaty",5900,9.3,1.6
"TOR","@NYY - Severino ( R )","Lourdes Gurriel","Tyler Heineman",6200,9.2,1.5
"KC","DET - Mize ( R )","Carlos Santana","Kyle Isbel",5000,9.2,1.8
"SD","ATL - Morton ( R )","Jose Azocar","Trent Grisham",5900,9.2,1.6
"KC","DET - Mize ( R )","Kyle Isbel","Nicky Lopez",5600,9.2,1.6
"LAA","@TEX - Dunning ( R )","Andrew Velazquez","Jose Rojas",4900,9.2,1.9
"TEX","LAA - Ohtani ( R )","Eli White","Kole Calhoun",6400,9.2,1.4
"CIN","@LAD - Buehler ( R )","Aristides Aquino","Tyler Stephenson",5000,9.2,1.8
"NYY","TOR - Gausman ( R )","DJ LeMahieu","Marwin Gonzalez",7400,9.2,1.2
"SD","ATL - Morton ( R )","Jorge Alfaro","Trent Grisham",7200,9.2,1.3
"TOR","@NYY - Severino ( R )","Bradley Zimmer","Santiago Espinal",6000,9.2,1.5
"CIN","@LAD - Buehler ( R )","Brandon Drury","Tommy Pham",5100,9.1,1.8
"CIN","@LAD - Buehler ( R )","Aramis Garcia","Tommy Pham",5200,9.1,1.8
"DET","@KC - Greinke ( R )","Harold Castro","Tucker Barnhart",5500,9.1,1.7
"TOR","@NYY - Severino ( R )","Cavan Biggio","Santiago Espinal",5400,9.1,1.7
"DET","@KC - Greinke ( R )","Dustin Garneau","Tucker Barnhart",6800,9.1,1.3
"KC","DET - Mize ( R )","Cam Gallagher","Carlos Santana",5300,9.1,1.7
"TOR","@NYY - Severino ( R )","Bradley Zimmer","Raimel Tapia",6900,9.1,1.3
"KC","DET - Mize ( R )","Cam Gallagher","Nicky Lopez",5900,9.1,1.5
"TOR","@NYY - Severino ( R )","Alejandro Kirk","Tyler Heineman",5300,9,1.7
"KC","DET - Mize ( R )","Carlos Santana","Edward Olivares",5000,9,1.8
"KC","DET - Mize ( R )","Michael A. Taylor","Ryan O'Hearn",4400,9,2.1
"TEX","LAA - Ohtani ( R )","Kole Calhoun","Nick Solak",7300,9,1.2
"TOR","@NYY - Severino ( R )","Cavan Biggio","Raimel Tapia",6300,9,1.4
"KC","DET - Mize ( R )","Edward Olivares","Nicky Lopez",5600,9,1.6
"KC","DET - Mize ( R )","Kyle Isbel","Michael A. Taylor",4400,9,2
"LAD","CIN - Cessa ( R )","Austin Barnes","Cody Bellinger",5300,9,1.7
"NYY","TOR - Gausman ( R )","DJ LeMahieu","Jose Trevino",7800,9,1.1
"NYY","TOR - Gausman ( R )","Aaron Hicks","Gleyber Torres",6700,8.9,1.3
"TEX","LAA - Ohtani ( R )","Jonah Heim","Kole Calhoun",6600,8.9,1.4
"TEX","LAA - Ohtani ( R )","Charlie Culberson","Kole Calhoun",6500,8.9,1.4
"NYY","TOR - Gausman ( R )","Gleyber Torres","Kyle Higashioka",6900,8.9,1.3
"SD","ATL - Morton ( R )","Eric Hosmer","Jose Azocar",5200,8.9,1.7
"CIN","@LAD - Buehler ( R )","Colin Moran","Jake Fraley",5500,8.9,1.6
"SD","ATL - Morton ( R )","Jose Azocar","Luke Voit",5500,8.9,1.6
"ATL","@SD - Musgrove ( R )","Guillermo Heredia","Marcell Ozuna",6100,8.9,1.5
"ATL","@SD - Musgrove ( R )","Manny Pina","Marcell Ozuna",6500,8.9,1.4
"KC","DET - Mize ( R )","Cam Gallagher","Michael A. Taylor",4700,8.8,1.9
"SD","ATL - Morton ( R )","Eric Hosmer","Jorge Alfaro",6500,8.8,1.4
"SD","ATL - Morton ( R )","Jorge Alfaro","Luke Voit",6800,8.8,1.3
"ATL","@SD - Musgrove ( R )","Marcell Ozuna","Orlando Arcia",6200,8.8,1.4
"CIN","@LAD - Buehler ( R )","Colin Moran","Tyler Stephenson",5700,8.8,1.5
"KC","DET - Mize ( R )","Edward Olivares","Michael A. Taylor",4400,8.8,2
"TOR","@NYY - Severino ( R )","Santiago Espinal","Tyler Heineman",4400,8.8,2
"SD","ATL - Morton ( R )","Ha-Seong Kim","Jurickson Profar",5600,8.7,1.6
"CIN","@LAD - Buehler ( R )","Brandon Drury","Jake Fraley",4700,8.7,1.9
"CIN","@LAD - Buehler ( R )","Aramis Garcia","Jake Fraley",4800,8.7,1.8
"CIN","@LAD - Buehler ( R )","Aristides Aquino","Nick Senzel",4700,8.7,1.8
"TOR","@NYY - Severino ( R )","Raimel Tapia","Tyler Heineman",5300,8.7,1.6
"SD","ATL - Morton ( R )","Ha-Seong Kim","Wil Myers",6100,8.7,1.4
"SD","ATL - Morton ( R )","Jurickson Profar","Matt Beaty",5100,8.7,1.7
"CIN","@LAD - Buehler ( R )","Brandon Drury","Tyler Stephenson",4900,8.6,1.8
"CIN","@LAD - Buehler ( R )","Aramis Garcia","Tyler Stephenson",5000,8.6,1.7
"NYY","TOR - Gausman ( R )","Aaron Hicks","Marwin Gonzalez",5200,8.6,1.7
"SD","ATL - Morton ( R )","Matt Beaty","Wil Myers",5600,8.6,1.5
"NYY","TOR - Gausman ( R )","Kyle Higashioka","Marwin Gonzalez",5400,8.6,1.6
"ATL","@SD - Musgrove ( R )","Alex Dickerson","Guillermo Heredia",5200,8.6,1.7
"ATL","@SD - Musgrove ( R )","Alex Dickerson","Manny Pina",5600,8.6,1.5
"ATL","@SD - Musgrove ( R )","Alex Dickerson","Orlando Arcia",5300,8.5,1.6
"TEX","LAA - Ohtani ( R )","Andy Ibanez","Eli White",6500,8.5,1.3
"SD","ATL - Morton ( R )","Austin Nola","Ha-Seong Kim",6500,8.5,1.3
"TOR","@NYY - Severino ( R )","Bradley Zimmer","Zack Collins",6100,8.5,1.4
"ATL","@SD - Musgrove ( R )","Dansby Swanson","Guillermo Heredia",6000,8.5,1.4
"ATL","@SD - Musgrove ( R )","Dansby Swanson","Manny Pina",6400,8.5,1.3
"SD","ATL - Morton ( R )","Austin Nola","Matt Beaty",6000,8.5,1.4
"CIN","@LAD - Buehler ( R )","Aristides Aquino","Mike Moustakas",4500,8.5,1.9
"TOR","@NYY - Severino ( R )","Cavan Biggio","Zack Collins",5500,8.4,1.5
"ATL","@SD - Musgrove ( R )","Dansby Swanson","Orlando Arcia",6100,8.4,1.4
"NYY","TOR - Gausman ( R )","Aaron Hicks","Jose Trevino",5600,8.4,1.5
"NYY","TOR - Gausman ( R )","Jose Trevino","Kyle Higashioka",5800,8.4,1.4
"TEX","LAA - Ohtani ( R )","Andy Ibanez","Nick Solak",7400,8.4,1.1
"ATL","@SD - Musgrove ( R )","Guillermo Heredia","Travis d'Arnaud",5600,8.3,1.5
"ATL","@SD - Musgrove ( R )","Manny Pina","Travis d'Arnaud",6000,8.3,1.4
"CIN","@LAD - Buehler ( R )","Colin Moran","Nick Senzel",5400,8.3,1.5
"ATL","@SD - Musgrove ( R )","Orlando Arcia","Travis d'Arnaud",5700,8.3,1.5
"TEX","LAA - Ohtani ( R )","Andy Ibanez","Jonah Heim",6700,8.3,1.2
"SD","ATL - Morton ( R )","Jose Azocar","Jurickson Profar",4700,8.3,1.8
"TEX","LAA - Ohtani ( R )","Andy Ibanez","Charlie Culberson",6600,8.3,1.3
"SD","ATL - Morton ( R )","C.J. Abrams","Ha-Seong Kim",5400,8.2,1.5
"SD","ATL - Morton ( R )","Jorge Alfaro","Jurickson Profar",6000,8.2,1.4
"SD","ATL - Morton ( R )","Jose Azocar","Wil Myers",5200,8.2,1.6
"SD","ATL - Morton ( R )","C.J. Abrams","Matt Beaty",4900,8.2,1.7
"SD","ATL - Morton ( R )","Jorge Alfaro","Wil Myers",6500,8.2,1.3
"CIN","@LAD - Buehler ( R )","Brandon Drury","Nick Senzel",4600,8.1,1.8
"CIN","@LAD - Buehler ( R )","Aramis Garcia","Nick Senzel",4700,8.1,1.7
"TOR","@NYY - Severino ( R )","Tyler Heineman","Zack Collins",4500,8.1,1.8
"SD","ATL - Morton ( R )","Austin Nola","Jose Azocar",5600,8.1,1.4
"CIN","@LAD - Buehler ( R )","Colin Moran","Mike Moustakas",5200,8.1,1.6
"SD","ATL - Morton ( R )","Austin Nola","Jorge Alfaro",6900,8,1.2
"CIN","@LAD - Buehler ( R )","Aristides Aquino","Kyle Farmer",5200,8,1.5
"NYY","TOR - Gausman ( R )","Gleyber Torres","Isiah Kiner-Falefa",7500,7.9,1.1
"CIN","@LAD - Buehler ( R )","Brandon Drury","Mike Moustakas",4400,7.9,1.8
"CIN","@LAD - Buehler ( R )","Aramis Garcia","Mike Moustakas",4500,7.9,1.8
"TEX","LAA - Ohtani ( R )","Eli White","Willie Calhoun",6600,7.8,1.2
"SD","ATL - Morton ( R )","C.J. Abrams","Jose Azocar",4500,7.8,1.7
"SD","ATL - Morton ( R )","C.J. Abrams","Jorge Alfaro",5800,7.7,1.3
"TEX","LAA - Ohtani ( R )","Nick Solak","Willie Calhoun",7500,7.7,1
"LAA","@TEX - Dunning ( R )","Jose Rojas","Kurt Suzuki",5500,7.7,1.4
"NYY","TOR - Gausman ( R )","Isiah Kiner-Falefa","Marwin Gonzalez",6000,7.6,1.3
"LAA","@TEX - Dunning ( R )","Jack Mayfield","Jose Rojas",5800,7.6,1.3
"CIN","@LAD - Buehler ( R )","Colin Moran","Kyle Farmer",5900,7.6,1.3
"TEX","LAA - Ohtani ( R )","Jonah Heim","Willie Calhoun",6800,7.6,1.1
"TEX","LAA - Ohtani ( R )","Charlie Culberson","Willie Calhoun",6700,7.6,1.1
"CIN","@LAD - Buehler ( R )","Brandon Drury","Kyle Farmer",5100,7.4,1.5
"CIN","@LAD - Buehler ( R )","Aramis Garcia","Kyle Farmer",5200,7.4,1.4
"NYY","TOR - Gausman ( R )","Isiah Kiner-Falefa","Jose Trevino",6400,7.4,1.2
"LAD","CIN - Cessa ( R )","Edwin Rios","Gavin Lux",5100,7.2,1.4
"LAA","@TEX - Dunning ( R )","Andrew Velazquez","Kurt Suzuki",4800,6.9,1.4
"CHC","@COL - Freeland ( L )","Jonathan Villar","Yan Gomes",6700,6.8,1
"LAA","@TEX - Dunning ( R )","Andrew Velazquez","Jack Mayfield",5100,6.8,1.3
"LAD","CIN - Cessa ( R )","Austin Barnes","Gavin Lux",5500,6.5,1.2
"CHC","@COL - Freeland ( L )","Alfonso Rivas","Yan Gomes",5200,6.2,1.2
"CHC","@COL - Freeland ( L )","Rafael Ortega","Yan Gomes",7100,6.2,0.9
"CHC","@COL - Freeland ( L )","Alfonso Rivas","Jonathan Villar",6100,6.1,1
"CHC","@COL - Freeland ( L )","Jonathan Villar","Rafael Ortega",8000,6.1,0.8
"CHC","@COL - Freeland ( L )","Jason Heyward","Yan Gomes",6600,6,0.9
"CHC","@COL - Freeland ( L )","Jason Heyward","Jonathan Villar",7500,5.9,0.8
"COL","CHC - Steele ( L )","Garrett Hampson","Sam Hilliard",5600,5.7,1
"CHC","@COL - Freeland ( L )","Alfonso Rivas","Rafael Ortega",6500,5.5,0.8
"COL","CHC - Steele ( L )","Alan Trejo","Sam Hilliard",4800,5.4,1.1
"COL","CHC - Steele ( L )","Sam Hilliard","Yonathan Daza",4800,5.4,1.1
"CHC","@COL - Freeland ( L )","Alfonso Rivas","Jason Heyward",6000,5.3,0.9
"LAA","@TEX - Dunning ( R )","Jack Mayfield","Kurt Suzuki",5700,5.3,0.9
"LAD","CIN - Cessa ( R )","Austin Barnes","Edwin Rios",4800,5.3,1.1
"DET","@KC - Greinke ( R )","Eric Haase","Victor Reyes",6700,5.3,0.8
"CHC","@COL - Freeland ( L )","Jason Heyward","Rafael Ortega",7900,5.2,0.7
"COL","CHC - Steele ( L )","Dom Nunez","Sam Hilliard",5800,5.2,0.9
"COL","CHC - Steele ( L )","Alan Trejo","Garrett Hampson",4800,5,1.1
"COL","CHC - Steele ( L )","Garrett Hampson","Yonathan Daza",4800,5,1.1
"DET","@KC - Greinke ( R )","Eric Haase","Harold Castro",6400,5,0.8
"DET","@KC - Greinke ( R )","Harold Castro","Victor Reyes",5100,5,1
"DET","@KC - Greinke ( R )","Dustin Garneau","Eric Haase",7700,5,0.6
"DET","@KC - Greinke ( R )","Dustin Garneau","Victor Reyes",6400,5,0.8
"KC","DET - Mize ( R )","Kyle Isbel","Ryan O'Hearn",4000,4.9,1.2
"SD","ATL - Morton ( R )","Ha-Seong Kim","Matt Beaty",5300,4.9,0.9
"COL","CHC - Steele ( L )","Dom Nunez","Garrett Hampson",5800,4.8,0.8
"COL","CHC - Steele ( L )","Alan Trejo","Yonathan Daza",4000,4.8,1.2
"TOR","@NYY - Severino ( R )","Bradley Zimmer","Cavan Biggio",6800,4.8,0.7
"KC","DET - Mize ( R )","Cam Gallagher","Ryan O'Hearn",4300,4.8,1.1
"CIN","@LAD - Buehler ( R )","Aristides Aquino","Colin Moran",5100,4.8,0.9
"KC","DET - Mize ( R )","Cam Gallagher","Kyle Isbel",4300,4.7,1.1
"KC","DET - Mize ( R )","Edward Olivares","Ryan O'Hearn",4000,4.7,1.2
"NYY","TOR - Gausman ( R )","Gleyber Torres","Marwin Gonzalez",6100,4.7,0.8
"DET","@KC - Greinke ( R )","Dustin Garneau","Harold Castro",6100,4.7,0.8
"KC","DET - Mize ( R )","Edward Olivares","Kyle Isbel",4000,4.7,1.2
"COL","CHC - Steele ( L )","Alan Trejo","Dom Nunez",5000,4.6,0.9
"COL","CHC - Steele ( L )","Dom Nunez","Yonathan Daza",5000,4.6,0.9
"CIN","@LAD - Buehler ( R )","Aristides Aquino","Brandon Drury",4300,4.6,1.1
"CIN","@LAD - Buehler ( R )","Aramis Garcia","Aristides Aquino",4400,4.6,1
"KC","DET - Mize ( R )","Cam Gallagher","Edward Olivares",4300,4.5,1.1
"NYY","TOR - Gausman ( R )","Gleyber Torres","Jose Trevino",6500,4.5,0.7
"SD","ATL - Morton ( R )","Ha-Seong Kim","Jose Azocar",4900,4.5,0.9
"TOR","@NYY - Severino ( R )","Bradley Zimmer","Tyler Heineman",5800,4.4,0.8
"TEX","LAA - Ohtani ( R )","Eli White","Nick Solak",6900,4.4,0.6
"SD","ATL - Morton ( R )","Ha-Seong Kim","Jorge Alfaro",6200,4.4,0.7
"SD","ATL - Morton ( R )","Jose Azocar","Matt Beaty",4400,4.4,1
"TOR","@NYY - Severino ( R )","Cavan Biggio","Tyler Heineman",5200,4.4,0.8
"SD","ATL - Morton ( R )","Jorge Alfaro","Matt Beaty",5700,4.3,0.8
"TEX","LAA - Ohtani ( R )","Eli White","Jonah Heim",6200,4.3,0.7
"TEX","LAA - Ohtani ( R )","Charlie Culberson","Eli White",6100,4.3,0.7
"CIN","@LAD - Buehler ( R )","Brandon Drury","Colin Moran",5000,4.2,0.8
"CIN","@LAD - Buehler ( R )","Aramis Garcia","Colin Moran",5100,4.2,0.8
"NYY","TOR - Gausman ( R )","Jose Trevino","Marwin Gonzalez",5000,4.2,0.8
"TEX","LAA - Ohtani ( R )","Jonah Heim","Nick Solak",7100,4.2,0.6
"TEX","LAA - Ohtani ( R )","Charlie Culberson","Nick Solak",7000,4.2,0.6
"TEX","LAA - Ohtani ( R )","Charlie Culberson","Jonah Heim",6300,4,0.6
"ATL","@SD - Musgrove ( R )","Guillermo Heredia","Manny Pina",4600,4,0.9
"CIN","@LAD - Buehler ( R )","Aramis Garcia","Brandon Drury",4300,4,0.9
"ATL","@SD - Musgrove ( R )","Guillermo Heredia","Orlando Arcia",4300,4,0.9
"ATL","@SD - Musgrove ( R )","Manny Pina","Orlando Arcia",4700,4,0.8
"SD","ATL - Morton ( R )","Jorge Alfaro","Jose Azocar",5300,4,0.7
NA,NA,NA,"Adalberto Mondesi",NA,NA,NA
NA,NA,NA,"Akil Baddoo",NA,NA,NA
NA,NA,NA,"Adam Duvall",NA,NA,NA
NA,NA,NA,"Adolis Garcia",NA,NA,NA
NA,NA,NA,"Alejandro Kirk",NA,NA,NA
NA,NA,NA,"Aaron Hicks",NA,NA,NA
NA,NA,NA,"Austin Nola",NA,NA,NA
NA,NA,NA,"Andrew Velazquez",NA,NA,NA
NA,NA,NA,"Alfonso Rivas",NA,NA,NA
NA,NA,NA,"Alan Trejo",NA,NA,NA
NA,NA,NA,"Austin Barnes",NA,NA,NA
NA,NA,NA,"Aramis Garcia",NA,NA,NA
