"Team1","Team2","Player1","Player2","Player3","Player4","Salary","Proj","Value"
"CHC","COL","Frank Schwindel","Willson Contreras","C.J. Cron","Kris Bryant",18800,44.1,2.3
"CHC","COL","Frank Schwindel","Willson Contreras","Connor Joe","Kris Bryant",17700,43.5,2.5
"CHC","LAA","Clint Frazier","Frank Schwindel","Jared Walsh","Mike Trout",18000,43.5,2.4
"CHC","COL","Frank Schwindel","Willson Contreras","Kris Bryant","Ryan McMahon",18200,43.4,2.4
"CHC","LAA","Frank Schwindel","Willson Contreras","Jo Adell","Mike Trout",19800,43.4,2.2
"CHC","COL","Frank Schwindel","Patrick Wisdom","C.J. Cron","Kris Bryant",18900,43.3,2.3
"CHC","COL","Frank Schwindel","Willson Contreras","C.J. Cron","Connor Joe",17800,43.2,2.4
"CHC","LAA","Frank Schwindel","Willson Contreras","Matt Duffy","Mike Trout",19500,43.2,2.2
"CHC","LAA","Frank Schwindel","Willson Contreras","Jared Walsh","Jo Adell",18700,43.2,2.3
"CHC","COL","Frank Schwindel","Willson Contreras","C.J. Cron","Ryan McMahon",18300,43.1,2.4
"CHC","COL","Frank Schwindel","Willson Contreras","Brendan Rodgers","Kris Bryant",18000,43.1,2.4
"CHC","COL","Frank Schwindel","Seiya Suzuki","C.J. Cron","Kris Bryant",18800,43,2.3
"CHC","LAA","Frank Schwindel","Nick Madrigal","Jared Walsh","Mike Trout",19800,43,2.2
"CHC","LAA","Frank Schwindel","Willson Contreras","Jared Walsh","Matt Duffy",18400,43,2.3
"CHC","COL","Clint Frazier","Frank Schwindel","C.J. Cron","Kris Bryant",16600,42.8,2.6
"CHC","COL","Frank Schwindel","Willson Contreras","Brendan Rodgers","C.J. Cron",18100,42.8,2.4
"CHC","COL","Frank Schwindel","Willson Contreras","Kris Bryant","Randal Grichuk",17500,42.7,2.4
"CHC","COL","Frank Schwindel","Patrick Wisdom","Connor Joe","Kris Bryant",17800,42.7,2.4
"CHC","LAA","Frank Schwindel","Ian Happ","Jared Walsh","Mike Trout",19000,42.7,2.2
"CHC","COL","Frank Schwindel","Patrick Wisdom","Kris Bryant","Ryan McMahon",18300,42.6,2.3
"CHC","COL","Frank Schwindel","Willson Contreras","Connor Joe","Ryan McMahon",17200,42.6,2.5
"CHC","COL","Frank Schwindel","Willson Contreras","Charlie Blackmon","Kris Bryant",18200,42.5,2.3
"CHC","LAA","Frank Schwindel","Patrick Wisdom","Jo Adell","Mike Trout",19900,42.5,2.1
"CHC","DET","Frank Schwindel","Willson Contreras","Akil Baddoo","Austin Meadows",18400,42.5,2.3
"CHC","COL","Frank Schwindel","Seiya Suzuki","Connor Joe","Kris Bryant",17700,42.5,2.4
"CHC","LAA","Frank Schwindel","Willson Contreras","Brandon Marsh","Mike Trout",18800,42.5,2.3
"CHC","LAA","Seiya Suzuki","Willson Contreras","Jared Walsh","Mike Trout",19900,42.5,2.1
"CHC","LAA","Frank Schwindel","Willson Contreras","Anthony Rendon","Mike Trout",19700,42.4,2.2
"CHC","COL","Frank Schwindel","Willson Contreras","C.J. Cron","Randal Grichuk",17600,42.4,2.4
"CHC","DET","Frank Schwindel","Willson Contreras","Austin Meadows","Robbie Grossman",18900,42.4,2.2
"CHC","COL","Frank Schwindel","Patrick Wisdom","C.J. Cron","Connor Joe",17900,42.4,2.4
"CHC","COL","Frank Schwindel","Nick Madrigal","C.J. Cron","Kris Bryant",18400,42.4,2.3
"CHC","COL","Frank Schwindel","Willson Contreras","Elias Diaz","Kris Bryant",17700,42.4,2.4
"CHC","COL","Frank Schwindel","Seiya Suzuki","Kris Bryant","Ryan McMahon",18200,42.4,2.3
"CHC","LAA","Frank Schwindel","Patrick Wisdom","Matt Duffy","Mike Trout",19600,42.3,2.2
"CHC","LAA","Frank Schwindel","Patrick Wisdom","Jared Walsh","Jo Adell",18800,42.3,2.3
"CHC","LAA","Frank Schwindel","Seiya Suzuki","Jo Adell","Mike Trout",19800,42.3,2.1
"CHC","TOR","Frank Schwindel","Willson Contreras","George Springer","Teoscar Hernandez",19300,42.3,2.2
"CHC","LAA","Frank Schwindel","Nico Hoerner","Jared Walsh","Mike Trout",18900,42.3,2.2
"CHC","LAA","Frank Schwindel","Willson Contreras","Brandon Marsh","Jared Walsh",17700,42.3,2.4
"CHC","COL","Clint Frazier","Frank Schwindel","Connor Joe","Kris Bryant",15500,42.3,2.7
"CHC","COL","Frank Schwindel","Patrick Wisdom","C.J. Cron","Ryan McMahon",18400,42.3,2.3
"CHC","LAA","Clint Frazier","Willson Contreras","Jared Walsh","Mike Trout",17700,42.3,2.4
"CHC","COL","Frank Schwindel","Willson Contreras","C.J. Cron","Charlie Blackmon",18300,42.2,2.3
"CHC","DET","Frank Schwindel","Willson Contreras","Austin Meadows","Javier Baez",19300,42.2,2.2
"CHC","COL","Frank Schwindel","Patrick Wisdom","Brendan Rodgers","Kris Bryant",18100,42.2,2.3
"CHC","LAA","Frank Schwindel","Willson Contreras","Anthony Rendon","Jared Walsh",18600,42.2,2.3
"CHC","COL","Frank Schwindel","Willson Contreras","Brendan Rodgers","Connor Joe",17000,42.2,2.5
"CHC","COL","Frank Schwindel","Seiya Suzuki","C.J. Cron","Connor Joe",17800,42.2,2.4
"CHC","LAA","Frank Schwindel","Patrick Wisdom","Jared Walsh","Matt Duffy",18500,42.1,2.3
"CHC","LAA","Frank Schwindel","Seiya Suzuki","Matt Duffy","Mike Trout",19500,42.1,2.2
"CHC","COL","Clint Frazier","Frank Schwindel","Kris Bryant","Ryan McMahon",16000,42.1,2.6
"CHC","LAA","Frank Schwindel","Seiya Suzuki","Jared Walsh","Jo Adell",18700,42.1,2.3
"CHC","LAA","Clint Frazier","Frank Schwindel","Jo Adell","Mike Trout",17600,42.1,2.4
"CHC","COL","Frank Schwindel","Willson Contreras","Brendan Rodgers","Ryan McMahon",17500,42.1,2.4
"CHC","COL","Frank Schwindel","Willson Contreras","C.J. Cron","Elias Diaz",17800,42.1,2.4
"CHC","COL","Frank Schwindel","Seiya Suzuki","C.J. Cron","Ryan McMahon",18300,42.1,2.3
"CHC","COL","Patrick Wisdom","Willson Contreras","C.J. Cron","Kris Bryant",18600,42,2.3
"CHC","COL","Frank Schwindel","Seiya Suzuki","Brendan Rodgers","Kris Bryant",18000,42,2.3
"CHC","COL","Frank Schwindel","Ian Happ","C.J. Cron","Kris Bryant",17600,42,2.4
"CHC","COL","Clint Frazier","Frank Schwindel","C.J. Cron","Connor Joe",15600,42,2.7
"CHC","LAA","Frank Schwindel","Willson Contreras","Mike Trout","Tyler Wade",18300,41.9,2.3
"CHC","COL","Frank Schwindel","Patrick Wisdom","Brendan Rodgers","C.J. Cron",18200,41.9,2.3
"CHC","LAA","Frank Schwindel","Seiya Suzuki","Jared Walsh","Matt Duffy",18400,41.9,2.3
"COL","LAA","C.J. Cron","Kris Bryant","Jared Walsh","Mike Trout",19200,41.9,2.2
"CHC","LAD","Clint Frazier","Frank Schwindel","Mookie Betts","Trea Turner",18600,41.9,2.3
"CHC","DET","Frank Schwindel","Willson Contreras","Austin Meadows","Jeimer Candelario",19400,41.9,2.2
"CHC","KC","Frank Schwindel","Willson Contreras","Adalberto Mondesi","Salvador Perez",18900,41.9,2.2
"CHC","LAA","Clint Frazier","Frank Schwindel","Matt Duffy","Mike Trout",17300,41.9,2.4
"CHC","LAA","Clint Frazier","Frank Schwindel","Jared Walsh","Jo Adell",16500,41.9,2.5
"CHC","LAA","Frank Schwindel","Willson Contreras","Max Stassi","Mike Trout",19400,41.9,2.2
"CHC","COL","Frank Schwindel","Patrick Wisdom","Kris Bryant","Randal Grichuk",17600,41.9,2.4
"CHC","COL","Frank Schwindel","Willson Contreras","Connor Joe","Randal Grichuk",16500,41.9,2.5
"CHC","COL","Clint Frazier","Frank Schwindel","C.J. Cron","Ryan McMahon",16100,41.8,2.6
"CHC","COL","Frank Schwindel","Nick Madrigal","Connor Joe","Kris Bryant",17300,41.8,2.4
"CHC","COL","Seiya Suzuki","Willson Contreras","C.J. Cron","Kris Bryant",18500,41.8,2.3
"CHC","TOR","Frank Schwindel","Willson Contreras","Bo Bichette","Teoscar Hernandez",19300,41.8,2.2
"CHC","LAA","Nick Madrigal","Willson Contreras","Jared Walsh","Mike Trout",19500,41.8,2.1
"CHC","COL","Clint Frazier","Frank Schwindel","Brendan Rodgers","Kris Bryant",15800,41.8,2.6
"CHC","KC","Frank Schwindel","Willson Contreras","Adalberto Mondesi","Whit Merrifield",18800,41.8,2.2
"CHC","LAA","Frank Schwindel","Willson Contreras","Jared Walsh","Tyler Wade",17200,41.7,2.4
"CHC","COL","Frank Schwindel","Seiya Suzuki","Brendan Rodgers","C.J. Cron",18100,41.7,2.3
"CHC","COL","Frank Schwindel","Willson Contreras","Randal Grichuk","Ryan McMahon",17000,41.7,2.5
"CHC","COL","Frank Schwindel","Patrick Wisdom","Connor Joe","Ryan McMahon",17300,41.7,2.4
"CHC","KC","Frank Schwindel","Willson Contreras","Salvador Perez","Whit Merrifield",19000,41.7,2.2
"CHC","LAA","Clint Frazier","Frank Schwindel","Jared Walsh","Matt Duffy",16200,41.7,2.6
"CHC","LAD","Frank Schwindel","Willson Contreras","Chris Taylor","Trea Turner",19500,41.7,2.1
"CHC","COL","Frank Schwindel","Nick Madrigal","Kris Bryant","Ryan McMahon",17800,41.7,2.3
"CHC","COL","Frank Schwindel","Patrick Wisdom","Charlie Blackmon","Kris Bryant",18300,41.7,2.3
"CHC","COL","Frank Schwindel","Willson Contreras","Charlie Blackmon","Connor Joe",17200,41.7,2.4
"CHC","DET","Frank Schwindel","Patrick Wisdom","Akil Baddoo","Austin Meadows",18500,41.7,2.3
"CHC","LAA","Frank Schwindel","Nick Madrigal","Jo Adell","Mike Trout",19400,41.7,2.1
"CHC","COL","Frank Schwindel","Seiya Suzuki","Kris Bryant","Randal Grichuk",17500,41.7,2.4
"CHC","LAA","Frank Schwindel","Willson Contreras","Jared Walsh","Max Stassi",18300,41.7,2.3
"CHC","TOR","Frank Schwindel","Willson Contreras","Bo Bichette","George Springer",19900,41.7,2.1
"CHC","LAA","Frank Schwindel","Patrick Wisdom","Brandon Marsh","Mike Trout",18900,41.6,2.2
"CHC","COL","Frank Schwindel","Nico Hoerner","C.J. Cron","Kris Bryant",17500,41.6,2.4
"CHC","LAA","Frank Schwindel","Willson Contreras","Jo Adell","Matt Duffy",18000,41.6,2.3
"CHC","COL","Clint Frazier","Willson Contreras","C.J. Cron","Kris Bryant",16300,41.6,2.6
"CHC","LAA","Frank Schwindel","Patrick Wisdom","Anthony Rendon","Mike Trout",19800,41.6,2.1
"CHC","LAD","Frank Schwindel","Willson Contreras","Justin Turner","Trea Turner",19400,41.6,2.1
"CHC","LAA","Frank Schwindel","Michael Hermosillo","Jared Walsh","Mike Trout",18600,41.6,2.2
"CHC","DET","Frank Schwindel","Willson Contreras","Austin Meadows","Jonathan Schoop",18900,41.6,2.2
"CHC","COL","Frank Schwindel","Patrick Wisdom","C.J. Cron","Randal Grichuk",17700,41.6,2.3
"CHC","DET","Frank Schwindel","Patrick Wisdom","Austin Meadows","Robbie Grossman",19000,41.6,2.2
"CHC","COL","Frank Schwindel","Willson Contreras","Charlie Blackmon","Ryan McMahon",17700,41.5,2.3
"CHC","COL","Frank Schwindel","Patrick Wisdom","Elias Diaz","Kris Bryant",17800,41.5,2.3
"CHC","COL","Frank Schwindel","Nick Madrigal","C.J. Cron","Connor Joe",17400,41.5,2.4
"CHC","COL","Frank Schwindel","Willson Contreras","Connor Joe","Elias Diaz",16700,41.5,2.5
"CHC","COL","Frank Schwindel","Seiya Suzuki","Connor Joe","Ryan McMahon",17200,41.5,2.4
"CHC","COL","Clint Frazier","Frank Schwindel","Brendan Rodgers","C.J. Cron",15900,41.5,2.6
"CHC","COL","Frank Schwindel","Seiya Suzuki","Charlie Blackmon","Kris Bryant",18200,41.5,2.3
"CHC","COL","Patrick Wisdom","Willson Contreras","Connor Joe","Kris Bryant",17500,41.5,2.4
"CHC","DET","Frank Schwindel","Willson Contreras","Akil Baddoo","Robbie Grossman",18000,41.5,2.3
"CHC","DET","Frank Schwindel","Seiya Suzuki","Akil Baddoo","Austin Meadows",18400,41.5,2.3
"CHC","LAA","Frank Schwindel","Nick Madrigal","Matt Duffy","Mike Trout",19100,41.5,2.2
"CHC","LAA","Frank Schwindel","Nick Madrigal","Jared Walsh","Jo Adell",18300,41.5,2.3
"CHC","TOR","Frank Schwindel","Patrick Wisdom","George Springer","Teoscar Hernandez",19400,41.5,2.1
"CHC","COL","Frank Schwindel","Ian Happ","Connor Joe","Kris Bryant",16500,41.5,2.5
"CHC","LAA","Frank Schwindel","Patrick Wisdom","Brandon Marsh","Jared Walsh",17800,41.4,2.3
"CHC","LAA","Frank Schwindel","Seiya Suzuki","Brandon Marsh","Mike Trout",18800,41.4,2.2
"CHC","COL","Clint Frazier","Frank Schwindel","Kris Bryant","Randal Grichuk",15300,41.4,2.7
"CHC","LAA","Ian Happ","Willson Contreras","Jared Walsh","Mike Trout",18700,41.4,2.2
"CHC","LAD","Frank Schwindel","Willson Contreras","Max Muncy","Trea Turner",19800,41.4,2.1
"CHC","LAA","Clint Frazier","Patrick Wisdom","Jared Walsh","Mike Trout",17800,41.4,2.3
"CHC","COL","Frank Schwindel","Nick Madrigal","C.J. Cron","Ryan McMahon",17900,41.4,2.3
"CHC","COL","Frank Schwindel","Patrick Wisdom","C.J. Cron","Charlie Blackmon",18400,41.4,2.2
"CHC","DET","Frank Schwindel","Patrick Wisdom","Austin Meadows","Javier Baez",19400,41.4,2.1
"CHC","COL","Frank Schwindel","Willson Contreras","Brendan Rodgers","Randal Grichuk",16800,41.4,2.5
"CHC","COL","Frank Schwindel","Willson Contreras","Elias Diaz","Ryan McMahon",17200,41.4,2.4
"CHC","LAA","Frank Schwindel","Patrick Wisdom","Anthony Rendon","Jared Walsh",18700,41.4,2.2
"CHC","LAA","Frank Schwindel","Seiya Suzuki","Anthony Rendon","Mike Trout",19700,41.4,2.1
"CHC","COL","Frank Schwindel","Patrick Wisdom","Brendan Rodgers","Connor Joe",17100,41.4,2.4
"COL","LAA","Connor Joe","Kris Bryant","Jared Walsh","Mike Trout",18100,41.4,2.3
"CHC","COL","Frank Schwindel","Nick Madrigal","Brendan Rodgers","Kris Bryant",17600,41.4,2.4
"CHC","LAD","Frank Schwindel","Willson Contreras","Hanser Alberto","Trea Turner",17500,41.4,2.4
"CHC","COL","Frank Schwindel","Seiya Suzuki","C.J. Cron","Randal Grichuk",17600,41.4,2.4
"CHC","DET","Frank Schwindel","Seiya Suzuki","Austin Meadows","Robbie Grossman",18900,41.4,2.2
"CHC","COL","Patrick Wisdom","Willson Contreras","Kris Bryant","Ryan McMahon",18000,41.3,2.3
"CHC","COL","Frank Schwindel","Seiya Suzuki","Elias Diaz","Kris Bryant",17700,41.3,2.3
"CHC","LAA","Patrick Wisdom","Willson Contreras","Jo Adell","Mike Trout",19600,41.3,2.1
"CHC","COL","Frank Schwindel","Ian Happ","Kris Bryant","Ryan McMahon",17000,41.3,2.4
"CHC","LAD","Frank Schwindel","Willson Contreras","Trea Turner","Will Smith",19600,41.3,2.1
"CHC","DET","Frank Schwindel","Willson Contreras","Akil Baddoo","Javier Baez",18400,41.3,2.2
"CHC","LAA","Frank Schwindel","Ian Happ","Jo Adell","Mike Trout",18600,41.3,2.2
"CHC","COL","Clint Frazier","Frank Schwindel","Connor Joe","Ryan McMahon",15000,41.3,2.8
"CHC","COL","Seiya Suzuki","Willson Contreras","Connor Joe","Kris Bryant",17400,41.3,2.4
"CHC","COL","Clint Frazier","Frank Schwindel","Charlie Blackmon","Kris Bryant",16000,41.3,2.6
"CHC","LAA","Frank Schwindel","Nick Madrigal","Jared Walsh","Matt Duffy",18000,41.3,2.3
"CHC","DET","Clint Frazier","Frank Schwindel","Akil Baddoo","Austin Meadows",16200,41.3,2.5
"CHC","COL","Frank Schwindel","Patrick Wisdom","Brendan Rodgers","Ryan McMahon",17600,41.2,2.3
"CHC","TOR","Frank Schwindel","Seiya Suzuki","George Springer","Teoscar Hernandez",19300,41.2,2.1
"COL","LAA","Kris Bryant","Ryan McMahon","Jared Walsh","Mike Trout",18600,41.2,2.2
"CHC","COL","Frank Schwindel","Patrick Wisdom","C.J. Cron","Elias Diaz",17900,41.2,2.3
"CHC","LAA","Frank Schwindel","Seiya Suzuki","Brandon Marsh","Jared Walsh",17700,41.2,2.3
"CHC","COL","Frank Schwindel","Willson Contreras","Brendan Rodgers","Charlie Blackmon",17500,41.2,2.4
"CHC","KC","Frank Schwindel","Willson Contreras","Adalberto Mondesi","Andrew Benintendi",18100,41.2,2.3
"CHC","LAA","Clint Frazier","Frank Schwindel","Brandon Marsh","Mike Trout",16600,41.2,2.5
"CHC","LAA","Clint Frazier","Seiya Suzuki","Jared Walsh","Mike Trout",17700,41.2,2.3
"CHC","DET","Frank Schwindel","Willson Contreras","Javier Baez","Robbie Grossman",18900,41.2,2.2
"CHC","COL","Frank Schwindel","Seiya Suzuki","C.J. Cron","Charlie Blackmon",18300,41.2,2.3
"CHC","DET","Frank Schwindel","Seiya Suzuki","Austin Meadows","Javier Baez",19300,41.2,2.1
"CHC","COL","Patrick Wisdom","Willson Contreras","C.J. Cron","Connor Joe",17600,41.2,2.3
"CHC","KC","Frank Schwindel","Willson Contreras","Andrew Benintendi","Salvador Perez",18300,41.2,2.3
"CHC","LAA","Frank Schwindel","Seiya Suzuki","Anthony Rendon","Jared Walsh",18600,41.2,2.2
"CHC","COL","Frank Schwindel","Seiya Suzuki","Brendan Rodgers","Connor Joe",17000,41.2,2.4
"CHC","LAA","Clint Frazier","Frank Schwindel","Anthony Rendon","Mike Trout",17500,41.2,2.4
"CHC","COL","Nick Madrigal","Willson Contreras","C.J. Cron","Kris Bryant",18100,41.2,2.3
"CHC","COL","Frank Schwindel","Ian Happ","C.J. Cron","Connor Joe",16600,41.2,2.5
"CHC","COL","Clint Frazier","Frank Schwindel","C.J. Cron","Randal Grichuk",15400,41.1,2.7
"CHC","DET","Clint Frazier","Frank Schwindel","Austin Meadows","Robbie Grossman",16700,41.1,2.5
"CHC","COL","Seiya Suzuki","Willson Contreras","Kris Bryant","Ryan McMahon",17900,41.1,2.3
"CHC","LAA","Patrick Wisdom","Willson Contreras","Matt Duffy","Mike Trout",19300,41.1,2.1
"CHC","LAD","Frank Schwindel","Willson Contreras","Chris Taylor","Mookie Betts",19200,41.1,2.1
"CHC","COL","Clint Frazier","Frank Schwindel","Elias Diaz","Kris Bryant",15500,41.1,2.7
"CHC","LAA","Patrick Wisdom","Willson Contreras","Jared Walsh","Jo Adell",18500,41.1,2.2
"CHC","LAD","Frank Schwindel","Ian Happ","Mookie Betts","Trea Turner",19600,41.1,2.1
"CHC","LAA","Seiya Suzuki","Willson Contreras","Jo Adell","Mike Trout",19500,41.1,2.1
"CHC","LAA","Frank Schwindel","Patrick Wisdom","Mike Trout","Tyler Wade",18400,41.1,2.2
"CHC","LAA","Frank Schwindel","Ian Happ","Matt Duffy","Mike Trout",18300,41.1,2.2
"CHC","COL","Frank Schwindel","Nico Hoerner","Connor Joe","Kris Bryant",16400,41.1,2.5
"CHC","COL","Frank Schwindel","Willson Contreras","Jose Iglesias","Kris Bryant",17500,41.1,2.3
"CHC","DET","Frank Schwindel","Patrick Wisdom","Austin Meadows","Jeimer Candelario",19500,41.1,2.1
"CHC","KC","Frank Schwindel","Patrick Wisdom","Adalberto Mondesi","Salvador Perez",19000,41.1,2.2
"CHC","LAA","Frank Schwindel","Ian Happ","Jared Walsh","Jo Adell",17500,41.1,2.3
"COL","LAA","C.J. Cron","Connor Joe","Jared Walsh","Mike Trout",18200,41.1,2.3
"CHC","KC","Frank Schwindel","Willson Contreras","Adalberto Mondesi","Bobby Witt Jr.",16800,41.1,2.4
"CHC","COL","Frank Schwindel","Nick Madrigal","Brendan Rodgers","C.J. Cron",17700,41.1,2.3
"CHC","LAA","Nico Hoerner","Willson Contreras","Jared Walsh","Mike Trout",18600,41.1,2.2
"CHC","COL","Frank Schwindel","Willson Contreras","Brendan Rodgers","Elias Diaz",17000,41.1,2.4
"CHC","COL","Clint Frazier","Willson Contreras","Connor Joe","Kris Bryant",15200,41.1,2.7
"CHC","COL","Patrick Wisdom","Willson Contreras","C.J. Cron","Ryan McMahon",18100,41,2.3
"CHC","COL","Frank Schwindel","Seiya Suzuki","Brendan Rodgers","Ryan McMahon",17500,41,2.3
"CHC","KC","Frank Schwindel","Willson Contreras","Bobby Witt Jr.","Salvador Perez",17000,41,2.4
"CHC","LAA","Frank Schwindel","Patrick Wisdom","Max Stassi","Mike Trout",19500,41,2.1
"CHC","COL","Frank Schwindel","Seiya Suzuki","C.J. Cron","Elias Diaz",17800,41,2.3
"CHC","TOR","Clint Frazier","Frank Schwindel","George Springer","Teoscar Hernandez",17100,41,2.4
"CHC","COL","Frank Schwindel","Patrick Wisdom","Connor Joe","Randal Grichuk",16600,41,2.5
"CHC","COL","Patrick Wisdom","Willson Contreras","Brendan Rodgers","Kris Bryant",17800,41,2.3
"CHC","COL","Frank Schwindel","Ian Happ","C.J. Cron","Ryan McMahon",17100,41,2.4
"CHC","LAD","Frank Schwindel","Willson Contreras","Justin Turner","Mookie Betts",19100,41,2.1
"CHC","KC","Frank Schwindel","Willson Contreras","Andrew Benintendi","Whit Merrifield",18200,41,2.3
"CHC","LAA","Clint Frazier","Frank Schwindel","Brandon Marsh","Jared Walsh",15500,41,2.6
"CHC","COL","Frank Schwindel","Nick Madrigal","Kris Bryant","Randal Grichuk",17100,41,2.4
"CHC","DET","Frank Schwindel","Willson Contreras","Akil Baddoo","Jeimer Candelario",18500,41,2.2
"CHC","COL","Patrick Wisdom","Seiya Suzuki","C.J. Cron","Kris Bryant",18600,41,2.2
"CHC","COL","Frank Schwindel","Ian Happ","Brendan Rodgers","Kris Bryant",16800,41,2.4
"CHC","TOR","Frank Schwindel","Patrick Wisdom","Bo Bichette","Teoscar Hernandez",19400,41,2.1
"CHC","COL","Seiya Suzuki","Willson Contreras","C.J. Cron","Connor Joe",17500,41,2.3
"CHC","LAA","Nick Madrigal","Patrick Wisdom","Jared Walsh","Mike Trout",19600,41,2.1
"CHC","COL","Clint Frazier","Frank Schwindel","C.J. Cron","Charlie Blackmon",16100,41,2.5
"CHC","DET","Clint Frazier","Frank Schwindel","Austin Meadows","Javier Baez",17100,41,2.4
"CHC","LAA","Clint Frazier","Frank Schwindel","Anthony Rendon","Jared Walsh",16400,41,2.5
"CHC","COL","Clint Frazier","Frank Schwindel","Brendan Rodgers","Connor Joe",14800,41,2.8
"CHC","COL","Frank Schwindel","Nico Hoerner","Kris Bryant","Ryan McMahon",16900,41,2.4
"COL","LAA","C.J. Cron","Ryan McMahon","Jared Walsh","Mike Trout",18700,40.9,2.2
"CHC","COL","Frank Schwindel","Michael Hermosillo","C.J. Cron","Kris Bryant",17200,40.9,2.4
"CHC","LAA","Patrick Wisdom","Willson Contreras","Jared Walsh","Matt Duffy",18200,40.9,2.2
"CHC","LAA","Seiya Suzuki","Willson Contreras","Matt Duffy","Mike Trout",19200,40.9,2.1
"CHC","LAA","Frank Schwindel","Nico Hoerner","Jo Adell","Mike Trout",18500,40.9,2.2
"CHC","COL","Clint Frazier","Willson Contreras","Kris Bryant","Ryan McMahon",15700,40.9,2.6
"CHC","LAA","Frank Schwindel","Willson Contreras","Brandon Marsh","Jo Adell",17300,40.9,2.4
"CHC","KC","Frank Schwindel","Patrick Wisdom","Adalberto Mondesi","Whit Merrifield",18900,40.9,2.2
"COL","LAA","Brendan Rodgers","Kris Bryant","Jared Walsh","Mike Trout",18400,40.9,2.2
"CHC","LAA","Seiya Suzuki","Willson Contreras","Jared Walsh","Jo Adell",18400,40.9,2.2
"CHC","LAA","Frank Schwindel","Patrick Wisdom","Jared Walsh","Tyler Wade",17300,40.9,2.4
"CHC","LAA","Frank Schwindel","Seiya Suzuki","Mike Trout","Tyler Wade",18300,40.9,2.2
"CHC","LAA","Frank Schwindel","Ian Happ","Jared Walsh","Matt Duffy",17200,40.9,2.4
"CHC","LAA","Clint Frazier","Willson Contreras","Jo Adell","Mike Trout",17300,40.9,2.4
"CHC","COL","Frank Schwindel","Patrick Wisdom","Randal Grichuk","Ryan McMahon",17100,40.9,2.4
"CHC","DET","Frank Schwindel","Willson Contreras","Jeimer Candelario","Robbie Grossman",19000,40.9,2.2
"CHC","KC","Frank Schwindel","Seiya Suzuki","Adalberto Mondesi","Salvador Perez",18900,40.9,2.2
"CHC","KC","Frank Schwindel","Patrick Wisdom","Salvador Perez","Whit Merrifield",19100,40.9,2.1
"CHC","DET","Frank Schwindel","Seiya Suzuki","Austin Meadows","Jeimer Candelario",19400,40.9,2.1
"CHC","LAA","Frank Schwindel","Willson Contreras","Anthony Rendon","Jo Adell",18200,40.9,2.2
"CHC","KC","Frank Schwindel","Willson Contreras","Bobby Witt Jr.","Whit Merrifield",16900,40.9,2.4
"CHC","LAD","Frank Schwindel","Patrick Wisdom","Chris Taylor","Trea Turner",19600,40.9,2.1
"CHC","COL","Frank Schwindel","Willson Contreras","Charlie Blackmon","Randal Grichuk",17000,40.9,2.4
"CHC","LAD","Frank Schwindel","Willson Contreras","Max Muncy","Mookie Betts",19500,40.9,2.1
"CHC","COL","Frank Schwindel","Patrick Wisdom","Charlie Blackmon","Connor Joe",17300,40.8,2.4
"CHC","COL","Frank Schwindel","Nick Madrigal","Connor Joe","Ryan McMahon",16800,40.8,2.4
"CHC","COL","Seiya Suzuki","Willson Contreras","C.J. Cron","Ryan McMahon",18000,40.8,2.3
"CHC","LAD","Clint Frazier","Frank Schwindel","Freddie Freeman","Trea Turner",18300,40.8,2.2
"CHC","COL","Frank Schwindel","Nick Madrigal","Charlie Blackmon","Kris Bryant",17800,40.8,2.3
"CHC","LAA","Frank Schwindel","Seiya Suzuki","Max Stassi","Mike Trout",19400,40.8,2.1
"CHC","DET","Frank Schwindel","Nick Madrigal","Akil Baddoo","Austin Meadows",18000,40.8,2.3
"CHC","LAA","Frank Schwindel","Patrick Wisdom","Jared Walsh","Max Stassi",18400,40.8,2.2
"CHC","COL","Clint Frazier","Frank Schwindel","Brendan Rodgers","Ryan McMahon",15300,40.8,2.7
"CHC","COL","Frank Schwindel","Seiya Suzuki","Connor Joe","Randal Grichuk",16500,40.8,2.5
"CHC","COL","Clint Frazier","Frank Schwindel","C.J. Cron","Elias Diaz",15600,40.8,2.6
"CHC","COL","Seiya Suzuki","Willson Contreras","Brendan Rodgers","Kris Bryant",17700,40.8,2.3
"CHC","COL","Frank Schwindel","Nico Hoerner","C.J. Cron","Connor Joe",16500,40.8,2.5
"CHC","COL","Ian Happ","Willson Contreras","C.J. Cron","Kris Bryant",17300,40.8,2.4
"ATL","CHC","Austin Riley","Matt Olson","Frank Schwindel","Willson Contreras",19000,40.8,2.1
"CHC","COL","Frank Schwindel","Willson Contreras","C.J. Cron","Jose Iglesias",17600,40.8,2.3
"CHC","LAD","Frank Schwindel","Willson Contreras","Hanser Alberto","Mookie Betts",17200,40.8,2.4
"CHC","LAA","Frank Schwindel","Nick Madrigal","Brandon Marsh","Mike Trout",18400,40.8,2.2
"CHC","LAA","Frank Schwindel","Patrick Wisdom","Jo Adell","Matt Duffy",18100,40.8,2.3
"CHC","TOR","Frank Schwindel","Seiya Suzuki","Bo Bichette","Teoscar Hernandez",19300,40.8,2.1
"CHC","TOR","Clint Frazier","Frank Schwindel","Teoscar Hernandez","Vladimir Guerrero Jr.",18000,40.8,2.3
"CHC","COL","Clint Frazier","Patrick Wisdom","C.J. Cron","Kris Bryant",16400,40.8,2.5
"CHC","LAA","Nick Madrigal","Seiya Suzuki","Jared Walsh","Mike Trout",19500,40.8,2.1
"CHC","COL","Clint Frazier","Willson Contreras","C.J. Cron","Connor Joe",15300,40.8,2.7
"CHC","LAD","Frank Schwindel","Patrick Wisdom","Justin Turner","Trea Turner",19500,40.8,2.1
"CHC","LAD","Frank Schwindel","Nico Hoerner","Mookie Betts","Trea Turner",19500,40.7,2.1
"CHC","LAA","Frank Schwindel","Nick Madrigal","Anthony Rendon","Mike Trout",19300,40.7,2.1
"CHC","LAA","Frank Schwindel","Nico Hoerner","Matt Duffy","Mike Trout",18200,40.7,2.2
"CHC","LAD","Frank Schwindel","Willson Contreras","Mookie Betts","Will Smith",19300,40.7,2.1
"CHC","DET","Frank Schwindel","Patrick Wisdom","Austin Meadows","Jonathan Schoop",19000,40.7,2.1
"CHC","LAA","Frank Schwindel","Willson Contreras","Brandon Marsh","Matt Duffy",17000,40.7,2.4
"CHC","COL","Patrick Wisdom","Willson Contreras","Brendan Rodgers","C.J. Cron",17900,40.7,2.3
"CHC","LAA","Frank Schwindel","Nico Hoerner","Jared Walsh","Jo Adell",17400,40.7,2.3
"CHC","COL","Frank Schwindel","Patrick Wisdom","Charlie Blackmon","Ryan McMahon",17800,40.7,2.3
"CHC","LAA","Seiya Suzuki","Willson Contreras","Jared Walsh","Matt Duffy",18100,40.7,2.2
"CHC","LAD","Clint Frazier","Willson Contreras","Mookie Betts","Trea Turner",18300,40.7,2.2
"CHC","DET","Frank Schwindel","Willson Contreras","Javier Baez","Jeimer Candelario",19400,40.7,2.1
"CHC","NYY","Frank Schwindel","Willson Contreras","Aaron Judge","Anthony Rizzo",19900,40.7,2
"CHC","KC","Frank Schwindel","Seiya Suzuki","Adalberto Mondesi","Whit Merrifield",18800,40.7,2.2
"CHC","COL","Frank Schwindel","Nick Madrigal","C.J. Cron","Randal Grichuk",17200,40.7,2.4
"CHC","DET","Frank Schwindel","Nick Madrigal","Austin Meadows","Robbie Grossman",18500,40.7,2.2
"CHC","LAA","Clint Frazier","Willson Contreras","Matt Duffy","Mike Trout",17000,40.7,2.4
"CHC","COL","Frank Schwindel","Willson Contreras","Elias Diaz","Randal Grichuk",16500,40.7,2.5
"CHC","COL","Frank Schwindel","Patrick Wisdom","Connor Joe","Elias Diaz",16800,40.7,2.4
"CHC","COL","Frank Schwindel","Ian Happ","Brendan Rodgers","C.J. Cron",16900,40.7,2.4
"CHC","LAA","Frank Schwindel","Seiya Suzuki","Jared Walsh","Tyler Wade",17200,40.7,2.4
"CHC","LAA","Clint Frazier","Willson Contreras","Jared Walsh","Jo Adell",16200,40.7,2.5
"CHC","LAA","Frank Schwindel","Willson Contreras","Anthony Rendon","Matt Duffy",17900,40.7,2.3
"CHC","COL","Frank Schwindel","Seiya Suzuki","Randal Grichuk","Ryan McMahon",17000,40.7,2.4
"CHC","LAA","Clint Frazier","Frank Schwindel","Mike Trout","Tyler Wade",16100,40.7,2.5
"CHC","COL","Frank Schwindel","Nick Madrigal","Elias Diaz","Kris Bryant",17300,40.7,2.4
"CHC","TEX","Frank Schwindel","Willson Contreras","Brad Miller","Corey Seager",18900,40.7,2.2
"CHC","KC","Frank Schwindel","Seiya Suzuki","Salvador Perez","Whit Merrifield",19000,40.7,2.1
"CHC","LAD","Frank Schwindel","Seiya Suzuki","Chris Taylor","Trea Turner",19500,40.7,2.1
"CHC","COL","Frank Schwindel","Nico Hoerner","C.J. Cron","Ryan McMahon",17000,40.7,2.4
"CHC","DET","Clint Frazier","Frank Schwindel","Austin Meadows","Jeimer Candelario",17200,40.6,2.4
"CHC","KC","Clint Frazier","Frank Schwindel","Adalberto Mondesi","Salvador Perez",16700,40.6,2.4
"CHC","COL","Patrick Wisdom","Willson Contreras","Kris Bryant","Randal Grichuk",17300,40.6,2.3
"CHC","DET","Frank Schwindel","Willson Contreras","Akil Baddoo","Jonathan Schoop",18000,40.6,2.3
"CHC","DET","Frank Schwindel","Patrick Wisdom","Akil Baddoo","Robbie Grossman",18100,40.6,2.2
"CHC","COL","Frank Schwindel","Seiya Suzuki","Charlie Blackmon","Connor Joe",17200,40.6,2.4
"CHC","COL","Clint Frazier","Willson Contreras","C.J. Cron","Ryan McMahon",15800,40.6,2.6
"CHC","COL","Frank Schwindel","Ian Happ","Kris Bryant","Randal Grichuk",16300,40.6,2.5
"CHC","COL","Frank Schwindel","Nico Hoerner","Brendan Rodgers","Kris Bryant",16700,40.6,2.4
"CHC","COL","Nick Madrigal","Willson Contreras","Connor Joe","Kris Bryant",17000,40.6,2.4
"CHC","LAA","Frank Schwindel","Seiya Suzuki","Jared Walsh","Max Stassi",18300,40.6,2.2
"CHC","TOR","Frank Schwindel","Seiya Suzuki","Bo Bichette","George Springer",19900,40.6,2
"CHC","TOR","Clint Frazier","Frank Schwindel","George Springer","Vladimir Guerrero Jr.",18600,40.6,2.2
"COL","LAA","Brendan Rodgers","C.J. Cron","Jared Walsh","Mike Trout",18500,40.6,2.2
"CHC","LAA","Clint Frazier","Frank Schwindel","Max Stassi","Mike Trout",17200,40.6,2.4
"CHC","LAA","Ian Happ","Patrick Wisdom","Jared Walsh","Mike Trout",18800,40.6,2.2
"CHC","TOR","Frank Schwindel","Nick Madrigal","George Springer","Teoscar Hernandez",18900,40.6,2.1
"CHC","LAD","Frank Schwindel","Patrick Wisdom","Max Muncy","Trea Turner",19900,40.6,2
"CHC","COL","Clint Frazier","Frank Schwindel","Connor Joe","Randal Grichuk",14300,40.6,2.8
"CHC","COL","Clint Frazier","Willson Contreras","Brendan Rodgers","Kris Bryant",15500,40.6,2.6
"CHC","DET","Frank Schwindel","Willson Contreras","Austin Meadows","Miguel Cabrera",18600,40.6,2.2
"CHC","LAA","Frank Schwindel","Nick Madrigal","Brandon Marsh","Jared Walsh",17300,40.6,2.3
"CHC","LAA","Frank Schwindel","Seiya Suzuki","Jo Adell","Matt Duffy",18000,40.6,2.3
"CHC","COL","Clint Frazier","Seiya Suzuki","C.J. Cron","Kris Bryant",16300,40.6,2.5
"COL","LAA","C.J. Cron","Kris Bryant","Jo Adell","Mike Trout",18800,40.6,2.2
"CHC","COL","Frank Schwindel","Patrick Wisdom","Brendan Rodgers","Randal Grichuk",16900,40.5,2.4
"CHC","COL","Frank Schwindel","Patrick Wisdom","Elias Diaz","Ryan McMahon",17300,40.5,2.3
"CHC","TOR","Clint Frazier","Frank Schwindel","Bo Bichette","Teoscar Hernandez",17100,40.5,2.4
"CHC","LAA","Clint Frazier","Nick Madrigal","Jared Walsh","Mike Trout",17300,40.5,2.3
"ATL","CHC","Eddie Rosario","Matt Olson","Frank Schwindel","Willson Contreras",18600,40.5,2.2
"CHC","DET","Frank Schwindel","Willson Contreras","Austin Meadows","Spencer Torkelson",17700,40.5,2.3
"CHC","LAD","Frank Schwindel","Seiya Suzuki","Justin Turner","Trea Turner",19400,40.5,2.1
"COL","LAA","Kris Bryant","Randal Grichuk","Jared Walsh","Mike Trout",17900,40.5,2.3
"CHC","COL","Frank Schwindel","Nick Madrigal","C.J. Cron","Charlie Blackmon",17900,40.5,2.3
"CHC","DET","Frank Schwindel","Nick Madrigal","Austin Meadows","Javier Baez",18900,40.5,2.1
"CHC","COL","Frank Schwindel","Willson Contreras","Charlie Blackmon","Elias Diaz",17200,40.5,2.4
"CHC","DET","Frank Schwindel","Willson Contreras","Jonathan Schoop","Robbie Grossman",18500,40.5,2.2
"CHC","LAD","Frank Schwindel","Patrick Wisdom","Hanser Alberto","Trea Turner",17600,40.5,2.3
"CHC","DET","Frank Schwindel","Seiya Suzuki","Austin Meadows","Jonathan Schoop",18900,40.5,2.1
"CHC","LAA","Frank Schwindel","Nick Madrigal","Anthony Rendon","Jared Walsh",18200,40.5,2.2
"CHC","COL","Frank Schwindel","Nick Madrigal","Brendan Rodgers","Connor Joe",16600,40.5,2.4
"CHC","LAA","Frank Schwindel","Nico Hoerner","Jared Walsh","Matt Duffy",17100,40.5,2.4
"CHC","COL","Seiya Suzuki","Willson Contreras","Brendan Rodgers","C.J. Cron",17800,40.5,2.3
"CHC","COL","Frank Schwindel","Seiya Suzuki","Charlie Blackmon","Ryan McMahon",17700,40.5,2.3
"CHC","COL","Patrick Wisdom","Willson Contreras","Connor Joe","Ryan McMahon",17000,40.5,2.4
"CHC","LAA","Clint Frazier","Willson Contreras","Jared Walsh","Matt Duffy",15900,40.5,2.5
"CHC","COL","Frank Schwindel","Seiya Suzuki","Connor Joe","Elias Diaz",16700,40.5,2.4
"CHC","COL","Nick Madrigal","Willson Contreras","Kris Bryant","Ryan McMahon",17500,40.5,2.3
"CHC","KC","Clint Frazier","Frank Schwindel","Adalberto Mondesi","Whit Merrifield",16600,40.5,2.4
"CHC","COL","Patrick Wisdom","Willson Contreras","Charlie Blackmon","Kris Bryant",18000,40.5,2.2
"CHC","LAD","Frank Schwindel","Patrick Wisdom","Trea Turner","Will Smith",19700,40.5,2.1
"CHC","DET","Frank Schwindel","Patrick Wisdom","Akil Baddoo","Javier Baez",18500,40.5,2.2
"CHC","DET","Patrick Wisdom","Willson Contreras","Akil Baddoo","Austin Meadows",18200,40.5,2.2
"CHC","COL","Frank Schwindel","Ian Happ","Connor Joe","Ryan McMahon",16000,40.5,2.5
"CHC","LAA","Clint Frazier","Frank Schwindel","Jared Walsh","Tyler Wade",15000,40.5,2.7
"CHC","COL","Clint Frazier","Frank Schwindel","Randal Grichuk","Ryan McMahon",14800,40.5,2.7
"CHC","LAA","Nick Madrigal","Willson Contreras","Jo Adell","Mike Trout",19100,40.5,2.1
"CHC","COL","Frank Schwindel","Ian Happ","Charlie Blackmon","Kris Bryant",17000,40.4,2.4
"CHC","KC","Clint Frazier","Frank Schwindel","Salvador Perez","Whit Merrifield",16800,40.4,2.4
"CHC","DET","Frank Schwindel","Ian Happ","Akil Baddoo","Austin Meadows",17200,40.4,2.4
"CHC","COL","Seiya Suzuki","Willson Contreras","Kris Bryant","Randal Grichuk",17200,40.4,2.4
"CHC","COL","Patrick Wisdom","Seiya Suzuki","Connor Joe","Kris Bryant",17500,40.4,2.3
"CHC","DET","Frank Schwindel","Seiya Suzuki","Akil Baddoo","Robbie Grossman",18000,40.4,2.2
"CHC","LAA","Patrick Wisdom","Willson Contreras","Brandon Marsh","Mike Trout",18600,40.4,2.2
"CHC","LAD","Clint Frazier","Frank Schwindel","Chris Taylor","Trea Turner",17300,40.4,2.3
"CHC","COL","Nico Hoerner","Willson Contreras","C.J. Cron","Kris Bryant",17200,40.4,2.4
"CHC","COL","Clint Frazier","Frank Schwindel","Charlie Blackmon","Connor Joe",15000,40.4,2.7
"CHC","LAA","Frank Schwindel","Ian Happ","Brandon Marsh","Mike Trout",17600,40.4,2.3
"CHC","LAA","Clint Frazier","Frank Schwindel","Jared Walsh","Max Stassi",16100,40.4,2.5
"CHC","TOR","Clint Frazier","Frank Schwindel","Bo Bichette","George Springer",17700,40.4,2.3
"CHC","LAA","Ian Happ","Seiya Suzuki","Jared Walsh","Mike Trout",18700,40.4,2.2
"COL","LAA","Connor Joe","Ryan McMahon","Jared Walsh","Mike Trout",17600,40.4,2.3
"CHC","COL","Frank Schwindel","Patrick Wisdom","Brendan Rodgers","Charlie Blackmon",17600,40.4,2.3
"CHC","KC","Frank Schwindel","Patrick Wisdom","Adalberto Mondesi","Andrew Benintendi",18200,40.4,2.2
"CHC","LAD","Frank Schwindel","Seiya Suzuki","Max Muncy","Trea Turner",19800,40.4,2
"CHC","COL","Frank Schwindel","Nick Madrigal","Brendan Rodgers","Ryan McMahon",17100,40.4,2.4
"CHC","LAA","Patrick Wisdom","Willson Contreras","Anthony Rendon","Mike Trout",19500,40.4,2.1
"CHC","COL","Frank Schwindel","Michael Hermosillo","Connor Joe","Kris Bryant",16100,40.4,2.5
"COL","LAD","C.J. Cron","Kris Bryant","Mookie Betts","Trea Turner",19800,40.4,2
"CHC","COL","Frank Schwindel","Nick Madrigal","C.J. Cron","Elias Diaz",17400,40.4,2.3
"COL","LAA","C.J. Cron","Kris Bryant","Matt Duffy","Mike Trout",18500,40.4,2.2
"COL","LAA","Charlie Blackmon","Kris Bryant","Jared Walsh","Mike Trout",18600,40.4,2.2
"CHC","LAA","Frank Schwindel","Willson Contreras","Jo Adell","Tyler Wade",16800,40.4,2.4
"CHC","TOR","Frank Schwindel","Willson Contreras","Matt Chapman","Teoscar Hernandez",18000,40.4,2.2
"CHC","LAA","Michael Hermosillo","Willson Contreras","Jared Walsh","Mike Trout",18300,40.4,2.2
"DET","LAA","Akil Baddoo","Austin Meadows","Jared Walsh","Mike Trout",18800,40.4,2.1
"CHC","DET","Frank Schwindel","Willson Contreras","Javier Baez","Jonathan Schoop",18900,40.4,2.1
"CHC","COL","Patrick Wisdom","Willson Contreras","C.J. Cron","Randal Grichuk",17400,40.4,2.3
"COL","LAA","C.J. Cron","Kris Bryant","Jared Walsh","Jo Adell",17700,40.4,2.3
"CHC","DET","Frank Schwindel","Patrick Wisdom","Javier Baez","Robbie Grossman",19000,40.3,2.1
"CHC","DET","Patrick Wisdom","Willson Contreras","Austin Meadows","Robbie Grossman",18700,40.3,2.2
"CHC","LAA","Frank Schwindel","Ian Happ","Anthony Rendon","Mike Trout",18500,40.3,2.2
"CHC","COL","Frank Schwindel","Seiya Suzuki","Brendan Rodgers","Randal Grichuk",16800,40.3,2.4
"CHC","COL","Frank Schwindel","Seiya Suzuki","Elias Diaz","Ryan McMahon",17200,40.3,2.3
"CHC","LAA","Clint Frazier","Frank Schwindel","Jo Adell","Matt Duffy",15800,40.3,2.6
"CHC","KC","Frank Schwindel","Patrick Wisdom","Andrew Benintendi","Salvador Perez",18400,40.3,2.2
"CHC","KC","Frank Schwindel","Willson Contreras","Andrew Benintendi","Bobby Witt Jr.",16200,40.3,2.5
"CHC","TOR","Frank Schwindel","Nick Madrigal","Teoscar Hernandez","Vladimir Guerrero Jr.",19800,40.3,2
"CHC","COL","Nick Madrigal","Patrick Wisdom","C.J. Cron","Kris Bryant",18200,40.3,2.2
"CHC","LAD","Frank Schwindel","Willson Contreras","Cody Bellinger","Trea Turner",18200,40.3,2.2
"CHC","COL","Patrick Wisdom","Willson Contreras","Elias Diaz","Kris Bryant",17500,40.3,2.3
"CHC","COL","Frank Schwindel","Ian Happ","C.J. Cron","Randal Grichuk",16400,40.3,2.5
"CHC","COL","Frank Schwindel","Nico Hoerner","Brendan Rodgers","C.J. Cron",16800,40.3,2.4
"CHC","COL","Nick Madrigal","Willson Contreras","C.J. Cron","Connor Joe",17100,40.3,2.4
"CHC","LAD","Clint Frazier","Frank Schwindel","Justin Turner","Trea Turner",17200,40.3,2.3
"CHC","DET","Frank Schwindel","Ian Happ","Austin Meadows","Robbie Grossman",17700,40.3,2.3
"CHC","LAD","Frank Schwindel","Seiya Suzuki","Hanser Alberto","Trea Turner",17500,40.3,2.3
"ATL","CHC","Austin Riley","Eddie Rosario","Frank Schwindel","Willson Contreras",18300,40.3,2.2
"CHC","DET","Clint Frazier","Frank Schwindel","Austin Meadows","Jonathan Schoop",16700,40.3,2.4
"CHC","COL","Patrick Wisdom","Seiya Suzuki","Kris Bryant","Ryan McMahon",18000,40.3,2.2
"CHC","LAA","Frank Schwindel","Willson Contreras","Jo Adell","Max Stassi",17900,40.3,2.3
"CHC","COL","Frank Schwindel","Ian Happ","Elias Diaz","Kris Bryant",16500,40.3,2.4
"CHC","COL","Clint Frazier","Willson Contreras","Brendan Rodgers","C.J. Cron",15600,40.3,2.6
"CHC","COL","Seiya Suzuki","Willson Contreras","Connor Joe","Ryan McMahon",16900,40.3,2.4
"CHC","COL","Clint Frazier","Frank Schwindel","Charlie Blackmon","Ryan McMahon",15500,40.3,2.6
"CHC","LAD","Frank Schwindel","Patrick Wisdom","Chris Taylor","Mookie Betts",19300,40.3,2.1
"CHC","LAA","Patrick Wisdom","Seiya Suzuki","Jo Adell","Mike Trout",19600,40.3,2.1
"CHC","COL","Seiya Suzuki","Willson Contreras","Charlie Blackmon","Kris Bryant",17900,40.3,2.2
"CHC","LAA","Nick Madrigal","Willson Contreras","Matt Duffy","Mike Trout",18800,40.3,2.1
"CHC","LAD","Frank Schwindel","Seiya Suzuki","Trea Turner","Will Smith",19600,40.3,2.1
"CHC","DET","Frank Schwindel","Seiya Suzuki","Akil Baddoo","Javier Baez",18400,40.3,2.2
"CHC","DET","Seiya Suzuki","Willson Contreras","Akil Baddoo","Austin Meadows",18100,40.3,2.2
"CHC","COL","Clint Frazier","Frank Schwindel","Connor Joe","Elias Diaz",14500,40.3,2.8
"CHC","LAD","Clint Frazier","Frank Schwindel","Freddie Freeman","Mookie Betts",18000,40.2,2.2
"CHC","COL","Frank Schwindel","Nico Hoerner","Kris Bryant","Randal Grichuk",16200,40.2,2.5
"CHC","LAA","Nick Madrigal","Willson Contreras","Jared Walsh","Jo Adell",18000,40.2,2.2
"CHC","COL","Frank Schwindel","Patrick Wisdom","Jose Iglesias","Kris Bryant",17600,40.2,2.3
"CHC","TOR","Patrick Wisdom","Willson Contreras","George Springer","Teoscar Hernandez",19100,40.2,2.1
"CHC","COL","Frank Schwindel","Michael Hermosillo","Kris Bryant","Ryan McMahon",16600,40.2,2.4
"CHC","COL","Ian Happ","Willson Contreras","Connor Joe","Kris Bryant",16200,40.2,2.5
"COL","LAA","C.J. Cron","Randal Grichuk","Jared Walsh","Mike Trout",18000,40.2,2.2
"DET","LAA","Austin Meadows","Robbie Grossman","Jared Walsh","Mike Trout",19300,40.2,2.1
"CHC","DET","Frank Schwindel","Willson Contreras","Austin Meadows","Tucker Barnhart",17700,40.2,2.3
"CHC","LAA","Frank Schwindel","Nick Madrigal","Mike Trout","Tyler Wade",17900,40.2,2.2
"CHC","COL","Frank Schwindel","Willson Contreras","Connor Joe","Jose Iglesias",16500,40.2,2.4
"CHC","KC","Frank Schwindel","Patrick Wisdom","Adalberto Mondesi","Bobby Witt Jr.",16900,40.2,2.4
"CHC","LAA","Nico Hoerner","Patrick Wisdom","Jared Walsh","Mike Trout",18700,40.2,2.2
"CHC","COL","Frank Schwindel","Patrick Wisdom","Brendan Rodgers","Elias Diaz",17100,40.2,2.4
"CHC","LAA","Patrick Wisdom","Willson Contreras","Brandon Marsh","Jared Walsh",17500,40.2,2.3
"CHC","LAA","Seiya Suzuki","Willson Contreras","Brandon Marsh","Mike Trout",18500,40.2,2.2
"CHC","COL","Clint Frazier","Willson Contreras","Kris Bryant","Randal Grichuk",15000,40.2,2.7
"CHC","COL","Clint Frazier","Patrick Wisdom","Connor Joe","Kris Bryant",15300,40.2,2.6
"CHC","DET","Frank Schwindel","Nick Madrigal","Austin Meadows","Jeimer Candelario",19000,40.2,2.1
"CHC","KC","Frank Schwindel","Nick Madrigal","Adalberto Mondesi","Salvador Perez",18500,40.2,2.2
"CHC","LAA","Frank Schwindel","Michael Hermosillo","Jo Adell","Mike Trout",18200,40.2,2.2
"COL","LAA","Elias Diaz","Kris Bryant","Jared Walsh","Mike Trout",18100,40.2,2.2
"CHC","DET","Clint Frazier","Frank Schwindel","Akil Baddoo","Robbie Grossman",15800,40.2,2.5
"CHC","TOR","Frank Schwindel","Ian Happ","George Springer","Teoscar Hernandez",18100,40.2,2.2
"CHC","TOR","Frank Schwindel","Willson Contreras","George Springer","Matt Chapman",18600,40.2,2.2
"CHC","KC","Frank Schwindel","Patrick Wisdom","Bobby Witt Jr.","Salvador Perez",17100,40.2,2.4
"CHC","LAA","Frank Schwindel","Ian Happ","Brandon Marsh","Jared Walsh",16500,40.2,2.4
"CHC","COL","Nick Madrigal","Willson Contreras","C.J. Cron","Ryan McMahon",17600,40.2,2.3
"CHC","TOR","Frank Schwindel","Willson Contreras","Lourdes Gurriel","Teoscar Hernandez",18400,40.2,2.2
"CHC","COL","Patrick Wisdom","Willson Contreras","C.J. Cron","Charlie Blackmon",18100,40.2,2.2
"CHC","DET","Patrick Wisdom","Willson Contreras","Austin Meadows","Javier Baez",19100,40.2,2.1
"CHC","LAA","Frank Schwindel","Willson Contreras","Matt Duffy","Tyler Wade",16500,40.2,2.4
"CHC","COL","Frank Schwindel","Seiya Suzuki","Brendan Rodgers","Charlie Blackmon",17500,40.2,2.3
"CHC","KC","Frank Schwindel","Seiya Suzuki","Adalberto Mondesi","Andrew Benintendi",18100,40.2,2.2
"CHC","LAA","Patrick Wisdom","Willson Contreras","Anthony Rendon","Jared Walsh",18400,40.2,2.2
"CHC","LAA","Seiya Suzuki","Willson Contreras","Anthony Rendon","Mike Trout",19400,40.2,2.1
"CHC","LAA","Clint Frazier","Ian Happ","Jared Walsh","Mike Trout",16500,40.2,2.4
"CHC","LAD","Frank Schwindel","Patrick Wisdom","Justin Turner","Mookie Betts",19200,40.2,2.1
"CHC","KC","Frank Schwindel","Patrick Wisdom","Andrew Benintendi","Whit Merrifield",18300,40.2,2.2
"CHC","COL","Patrick Wisdom","Willson Contreras","Brendan Rodgers","Connor Joe",16800,40.2,2.4
"CHC","LAD","Clint Frazier","Frank Schwindel","Max Muncy","Trea Turner",17600,40.2,2.3
"CHC","LAA","Frank Schwindel","Nick Madrigal","Max Stassi","Mike Trout",19000,40.2,2.1
"COL","LAA","C.J. Cron","Kris Bryant","Jared Walsh","Matt Duffy",17400,40.2,2.3
"CHC","DET","Frank Schwindel","Patrick Wisdom","Akil Baddoo","Jeimer Candelario",18600,40.1,2.2
"CHC","COL","Frank Schwindel","Nick Madrigal","Connor Joe","Randal Grichuk",16100,40.1,2.5
"CHC","COL","Frank Schwindel","Ian Happ","C.J. Cron","Charlie Blackmon",17100,40.1,2.3
"CHC","DET","Frank Schwindel","Ian Happ","Austin Meadows","Javier Baez",18100,40.1,2.2
"CHC","COL","Nick Madrigal","Willson Contreras","Brendan Rodgers","Kris Bryant",17300,40.1,2.3
"CHC","DET","Frank Schwindel","Seiya Suzuki","Javier Baez","Robbie Grossman",18900,40.1,2.1
"CHC","LAA","Frank Schwindel","Ian Happ","Anthony Rendon","Jared Walsh",17400,40.1,2.3
"CHC","COL","Seiya Suzuki","Willson Contreras","C.J. Cron","Randal Grichuk",17300,40.1,2.3
"CHC","DET","Seiya Suzuki","Willson Contreras","Austin Meadows","Robbie Grossman",18600,40.1,2.2
"CHC","COL","Patrick Wisdom","Seiya Suzuki","C.J. Cron","Connor Joe",17600,40.1,2.3
"CHC","COL","Frank Schwindel","Ian Happ","Brendan Rodgers","Connor Joe",15800,40.1,2.5
"CHC","KC","Frank Schwindel","Seiya Suzuki","Andrew Benintendi","Salvador Perez",18300,40.1,2.2
"ATL","CHC","Adam Duvall","Matt Olson","Frank Schwindel","Willson Contreras",18400,40.1,2.2
"CHC","TOR","Clint Frazier","Frank Schwindel","Bo Bichette","Vladimir Guerrero Jr.",18600,40.1,2.2
"LAA","TOR","Jared Walsh","Mike Trout","George Springer","Teoscar Hernandez",19700,40.1,2
"CHC","COL","Clint Frazier","Frank Schwindel","Brendan Rodgers","Randal Grichuk",14600,40.1,2.7
"CHC","COL","Clint Frazier","Frank Schwindel","Elias Diaz","Ryan McMahon",15000,40.1,2.7
"CHC","COL","Nick Madrigal","Seiya Suzuki","C.J. Cron","Kris Bryant",18100,40.1,2.2
"CHC","KC","Frank Schwindel","Willson Contreras","Adalberto Mondesi","Hunter Dozier",16900,40.1,2.4
"CHC","TOR","Frank Schwindel","Nick Madrigal","Bo Bichette","Teoscar Hernandez",18900,40.1,2.1
"CHC","COL","Seiya Suzuki","Willson Contreras","Elias Diaz","Kris Bryant",17400,40.1,2.3
"CHC","LAA","Frank Schwindel","Willson Contreras","Matt Duffy","Max Stassi",17600,40.1,2.3
"CHC","COL","Frank Schwindel","Nico Hoerner","Connor Joe","Ryan McMahon",15900,40.1,2.5
"CHC","COL","Ian Happ","Willson Contreras","Kris Bryant","Ryan McMahon",16700,40.1,2.4
"CHC","COL","Frank Schwindel","Willson Contreras","Jose Iglesias","Ryan McMahon",17000,40.1,2.4
"CHC","LAD","Clint Frazier","Frank Schwindel","Hanser Alberto","Trea Turner",15300,40.1,2.6
"CHC","COL","Frank Schwindel","Nico Hoerner","Charlie Blackmon","Kris Bryant",16900,40.1,2.4
"CHC","LAA","Patrick Wisdom","Seiya Suzuki","Matt Duffy","Mike Trout",19300,40.1,2.1
"CHC","COL","Frank Schwindel","Michael Hermosillo","C.J. Cron","Connor Joe",16200,40.1,2.5
"CHC","COL","Clint Frazier","Patrick Wisdom","Kris Bryant","Ryan McMahon",15800,40.1,2.5
"CHC","KC","Frank Schwindel","Willson Contreras","Hunter Dozier","Salvador Perez",17100,40.1,2.3
"CHC","LAA","Frank Schwindel","Patrick Wisdom","Brandon Marsh","Jo Adell",17400,40.1,2.3
"CHC","LAD","Frank Schwindel","Seiya Suzuki","Chris Taylor","Mookie Betts",19200,40.1,2.1
"CHC","DET","Frank Schwindel","Nico Hoerner","Akil Baddoo","Austin Meadows",17100,40.1,2.3
"CHC","LAA","Ian Happ","Willson Contreras","Jo Adell","Mike Trout",18300,40.1,2.2
"COL","LAA","C.J. Cron","Charlie Blackmon","Jared Walsh","Mike Trout",18700,40.1,2.1
"DET","LAA","Austin Meadows","Javier Baez","Jared Walsh","Mike Trout",19700,40.1,2
"CHC","COL","Clint Frazier","Willson Contreras","Connor Joe","Ryan McMahon",14700,40.1,2.7
"CHC","LAA","Patrick Wisdom","Seiya Suzuki","Jared Walsh","Jo Adell",18500,40.1,2.2
"COL","LAA","Brendan Rodgers","Connor Joe","Jared Walsh","Mike Trout",17400,40.1,2.3
"CHC","COL","Clint Frazier","Willson Contreras","Charlie Blackmon","Kris Bryant",15700,40,2.6
"CHC","LAA","Nick Madrigal","Willson Contreras","Jared Walsh","Matt Duffy",17700,40,2.3
"CHC","LAA","Clint Frazier","Patrick Wisdom","Jo Adell","Mike Trout",17400,40,2.3
"CHC","DET","Clint Frazier","Frank Schwindel","Akil Baddoo","Javier Baez",16200,40,2.5
"CHC","KC","Frank Schwindel","Nick Madrigal","Adalberto Mondesi","Whit Merrifield",18400,40,2.2
"CHC","DET","Clint Frazier","Willson Contreras","Akil Baddoo","Austin Meadows",15900,40,2.5
"CHC","LAD","Clint Frazier","Frank Schwindel","Trea Turner","Will Smith",17400,40,2.3
"CHC","DET","Frank Schwindel","Willson Contreras","Jeimer Candelario","Jonathan Schoop",19000,40,2.1
"CHC","DET","Frank Schwindel","Patrick Wisdom","Jeimer Candelario","Robbie Grossman",19100,40,2.1
"CHC","COL","Frank Schwindel","Seiya Suzuki","Jose Iglesias","Kris Bryant",17500,40,2.3
"CHC","COL","Patrick Wisdom","Willson Contreras","Brendan Rodgers","Ryan McMahon",17300,40,2.3
"CHC","TOR","Seiya Suzuki","Willson Contreras","George Springer","Teoscar Hernandez",19000,40,2.1
"CHC","LAA","Frank Schwindel","Nico Hoerner","Brandon Marsh","Mike Trout",17500,40,2.3
"CHC","LAD","Frank Schwindel","Michael Hermosillo","Mookie Betts","Trea Turner",19200,40,2.1
"CHC","LAD","Frank Schwindel","Willson Contreras","Chris Taylor","Freddie Freeman",18900,40,2.1
"CHC","TOR","Frank Schwindel","Willson Contreras","George Springer","Lourdes Gurriel",19000,40,2.1
"CHC","LAA","Frank Schwindel","Patrick Wisdom","Anthony Rendon","Jo Adell",18300,40,2.2
"CHC","KC","Frank Schwindel","Patrick Wisdom","Bobby Witt Jr.","Whit Merrifield",17000,40,2.4
"CHC","KC","Frank Schwindel","Seiya Suzuki","Adalberto Mondesi","Bobby Witt Jr.",16800,40,2.4
"CHC","LAA","Frank Schwindel","Nick Madrigal","Jared Walsh","Tyler Wade",16800,40,2.4
"CHC","COL","Patrick Wisdom","Willson Contreras","C.J. Cron","Elias Diaz",17600,40,2.3
"CHC","LAA","Frank Schwindel","Michael Hermosillo","Matt Duffy","Mike Trout",17900,40,2.2
"CHC","LAA","Nico Hoerner","Seiya Suzuki","Jared Walsh","Mike Trout",18600,40,2.2
"CHC","COL","Frank Schwindel","Seiya Suzuki","Brendan Rodgers","Elias Diaz",17000,40,2.4
"CHC","COL","Frank Schwindel","Nick Madrigal","Randal Grichuk","Ryan McMahon",16600,40,2.4
"CHC","NYY","Frank Schwindel","Willson Contreras","Anthony Rizzo","Josh Donaldson",19700,40,2
"CHC","COL","Frank Schwindel","Patrick Wisdom","Charlie Blackmon","Randal Grichuk",17100,40,2.3
"CHC","LAD","Frank Schwindel","Patrick Wisdom","Max Muncy","Mookie Betts",19600,40,2
"CHC","LAD","Frank Schwindel","Ian Happ","Freddie Freeman","Trea Turner",19300,40,2.1
"CHC","LAA","Seiya Suzuki","Willson Contreras","Brandon Marsh","Jared Walsh",17400,40,2.3
"CHC","COL","Clint Frazier","Seiya Suzuki","Connor Joe","Kris Bryant",15200,40,2.6
"COL","LAA","Connor Joe","Kris Bryant","Jo Adell","Mike Trout",17700,40,2.3
"CHC","TEX","Frank Schwindel","Willson Contreras","Brad Miller","Marcus Semien",18500,40,2.2
"CHC","KC","Frank Schwindel","Nick Madrigal","Salvador Perez","Whit Merrifield",18600,40,2.2
"CHC","COL","Frank Schwindel","Ian Happ","Brendan Rodgers","Ryan McMahon",16300,40,2.5
"CHC","LAA","Clint Frazier","Willson Contreras","Brandon Marsh","Mike Trout",16300,40,2.5
"CHC","COL","Patrick Wisdom","Seiya Suzuki","C.J. Cron","Ryan McMahon",18100,40,2.2
"CHC","LAA","Frank Schwindel","Michael Hermosillo","Jared Walsh","Jo Adell",17100,40,2.3
"CHC","LAD","Frank Schwindel","Nick Madrigal","Chris Taylor","Trea Turner",19100,40,2.1
"CHC","COL","Frank Schwindel","Ian Happ","C.J. Cron","Elias Diaz",16600,40,2.4
"CHC","TOR","Frank Schwindel","Willson Contreras","Alejandro Kirk","Teoscar Hernandez",17500,40,2.3
"CHC","KC","Frank Schwindel","Seiya Suzuki","Bobby Witt Jr.","Salvador Perez",17000,40,2.4
"CHC","LAA","Frank Schwindel","Nico Hoerner","Anthony Rendon","Mike Trout",18400,40,2.2
"CHC","COL","Frank Schwindel","Nick Madrigal","Charlie Blackmon","Connor Joe",16800,40,2.4
"CHC","LAA","Frank Schwindel","Willson Contreras","Anthony Rendon","Brandon Marsh",17200,40,2.3
"CHC","COL","Seiya Suzuki","Willson Contreras","C.J. Cron","Charlie Blackmon",18000,40,2.2
"CHC","DET","Seiya Suzuki","Willson Contreras","Austin Meadows","Javier Baez",19000,40,2.1
"CHC","COL","Patrick Wisdom","Seiya Suzuki","Brendan Rodgers","Kris Bryant",17800,40,2.2
"CHC","LAD","Frank Schwindel","Seiya Suzuki","Justin Turner","Mookie Betts",19100,40,2.1
"CHC","KC","Frank Schwindel","Seiya Suzuki","Andrew Benintendi","Whit Merrifield",18200,40,2.2
"CHC","LAA","Seiya Suzuki","Willson Contreras","Anthony Rendon","Jared Walsh",18300,40,2.2
"CHC","COL","Seiya Suzuki","Willson Contreras","Brendan Rodgers","Connor Joe",16700,40,2.4
"CHC","LAA","Frank Schwindel","Nick Madrigal","Jared Walsh","Max Stassi",17900,40,2.2
"CHC","TOR","Frank Schwindel","Nick Madrigal","Bo Bichette","George Springer",19500,40,2
"CHC","COL","Frank Schwindel","Nico Hoerner","C.J. Cron","Randal Grichuk",16300,40,2.5
"CHC","DET","Frank Schwindel","Nico Hoerner","Austin Meadows","Robbie Grossman",17600,40,2.3
"CHC","LAA","Clint Frazier","Willson Contreras","Anthony Rendon","Mike Trout",17200,40,2.3
